Timestamp,battery_voltage (V),signal.rssi (dBm),signal.snr (dB),signal.spreadingfactor (Factor),uncorrected_inner (cm/hr),uncorrected_outer (cm/hr)
2026-04-10 18:49:28,4.0,-97.0,7.8,10.0,0.194,-0.361
2026-04-10 19:04:34,3.99,-97.0,2.8,10.0,0.156,-0.326
2026-04-10 19:19:24,3.98,-97.0,5.2,10.0,0.121,-0.389
2026-04-10 19:34:32,3.98,-101.0,5.8,10.0,0.088,-0.472
2026-04-10 19:49:27,3.97,-96.0,4.8,10.0,0.134,-0.422
2026-04-10 20:04:24,3.97,-101.0,-0.8,10.0,0.074,-0.352
2026-04-10 20:19:29,3.97,-97.0,6.2,10.0,0.055,-0.348
2026-04-10 20:34:27,3.96,-102.0,2.0,10.0,0.04,-0.368
2026-04-10 20:49:28,3.96,-96.0,6.8,10.0,0.069,-0.399
2026-04-10 21:04:32,3.95,-100.0,4.2,10.0,0.118,-0.455
2026-04-10 21:19:25,3.95,-98.0,-4.0,10.0,-0.035,-0.45
2026-04-10 21:34:32,3.95,-98.0,5.8,10.0,0.03,-0.399
2026-04-10 21:49:31,3.94,-97.0,7.0,10.0,-0.042,-0.39
2026-04-10 22:04:33,3.94,-102.0,1.2,10.0,-0.034,-0.456
2026-04-10 22:19:31,3.94,-99.0,4.2,10.0,0.0,-0.431
2026-04-10 22:34:34,3.93,-96.0,5.0,10.0,0.071,-0.39
2026-04-10 22:49:26,3.93,-97.0,6.2,10.0,-0.022,-0.566
2026-04-10 23:04:30,3.93,-101.0,2.8,10.0,-0.006,-0.536
2026-04-10 23:19:34,3.92,-97.0,3.5,10.0,0.033,-0.512
2026-04-10 23:34:30,3.92,-99.0,3.5,10.0,0.139,-0.479
2026-04-10 23:49:29,3.92,-94.0,5.8,10.0,-0.027,-0.481
2026-04-11 00:04:26,3.92,-101.0,1.8,10.0,0.008,-0.483
2026-04-11 00:19:24,3.91,-96.0,7.2,10.0,-0.09,-0.505
2026-04-11 00:34:31,3.91,-97.0,7.2,10.0,-0.082,-0.472
2026-04-11 01:04:30,3.9,-98.0,5.2,10.0,0.049,-0.461
2026-04-11 01:34:27,3.9,-97.0,6.5,10.0,-0.056,-0.496
2026-04-11 01:49:32,,-101.0,1.0,10.0,,
2026-04-11 02:04:26,,-102.0,1.5,10.0,,
2026-04-11 02:19:24,3.89,-99.0,3.5,10.0,-0.056,-0.515
2026-04-11 02:34:26,3.89,-98.0,5.5,10.0,-0.012,-0.468
2026-04-11 02:49:27,3.89,-102.0,2.8,10.0,-0.117,-0.484
2026-04-11 03:04:26,3.89,-96.0,7.2,10.0,-0.065,-0.585
2026-04-11 03:19:32,3.88,-95.0,5.2,10.0,-0.071,-0.607
2026-04-11 03:34:25,3.88,-97.0,5.8,10.0,-0.094,-0.493
2026-04-11 03:49:32,3.88,-97.0,1.2,10.0,-0.154,-0.518
2026-04-11 04:04:34,3.88,-101.0,3.0,10.0,-0.056,-0.479
2026-04-11 04:19:28,3.87,-98.0,5.5,10.0,-0.082,-0.486
2026-04-11 04:34:29,3.87,-98.0,5.5,10.0,-0.101,-0.544
2026-04-11 04:49:27,3.87,-99.0,4.5,10.0,-0.027,-0.526
2026-04-11 05:04:34,3.87,-97.0,7.2,10.0,-0.093,-0.509
2026-04-11 05:19:33,3.87,-101.0,2.8,10.0,-0.092,-0.443
2026-04-11 05:34:27,3.86,-97.0,6.8,10.0,-0.201,-0.512
2026-04-11 05:49:26,3.86,-96.0,6.8,10.0,-0.12,-0.492
2026-04-11 06:04:32,3.86,-101.0,2.0,10.0,-0.006,-0.529
2026-04-11 06:19:30,3.86,-97.0,6.0,10.0,-0.045,-0.554
2026-04-11 06:34:25,3.86,-101.0,2.5,10.0,-0.172,-0.554
2026-04-11 07:04:26,3.87,-97.0,4.8,10.0,-0.268,-0.686
2026-04-11 07:34:29,3.92,-95.0,6.8,10.0,-0.574,-0.914
2026-04-11 07:49:25,,-97.0,4.5,10.0,,
2026-04-11 08:04:33,,-101.0,2.8,10.0,,
2026-04-11 08:19:27,3.95,-100.0,4.5,10.0,-0.52,-0.883
2026-04-11 08:34:25,3.96,-95.0,8.2,10.0,-0.473,-0.748
2026-04-11 08:49:33,3.97,-98.0,5.2,10.0,-0.277,-0.74
2026-04-11 09:04:27,3.98,-96.0,6.5,10.0,-0.284,-0.791
2026-04-11 09:19:27,3.99,-96.0,7.0,10.0,-0.359,-0.766
2026-04-11 09:34:33,4.0,-100.0,3.2,10.0,-0.178,-0.602
2026-04-11 09:49:33,4.02,-100.0,5.5,10.0,-0.459,-0.79
2026-04-11 10:04:25,4.03,-101.0,-2.5,10.0,-0.121,-0.594
2026-04-11 10:19:33,4.05,-101.0,3.2,10.0,-0.183,-0.524
2026-04-11 10:34:28,4.06,-95.0,6.2,10.0,-0.07,-0.466
2026-04-11 10:49:34,4.08,-96.0,7.5,10.0,-0.273,-0.582
2026-04-11 11:04:31,4.09,-98.0,3.5,10.0,0.017,-0.46
2026-04-11 11:19:32,4.1,-97.0,6.8,10.0,-0.007,-0.403
2026-04-11 11:34:32,4.11,-97.0,6.8,10.0,0.05,-0.441
2026-04-11 11:49:33,4.11,-100.0,3.0,10.0,0.15,-0.334
2026-04-11 12:04:27,4.12,-100.0,3.5,10.0,0.196,-0.255
2026-04-11 12:19:33,4.13,-99.0,3.5,10.0,-0.023,-0.482
2026-04-11 12:34:30,4.13,-96.0,6.8,10.0,0.136,-0.382
2026-04-11 12:49:26,4.14,-95.0,6.8,10.0,-0.025,-0.469
2026-04-11 13:04:34,4.15,-96.0,5.0,10.0,-0.026,-0.472
2026-04-11 13:19:30,4.17,-95.0,4.2,10.0,-0.198,-0.573
2026-04-11 13:34:30,4.17,-97.0,4.2,10.0,0.113,-0.346
2026-04-11 13:49:34,4.19,-100.0,2.2,10.0,0.099,-0.336
2026-04-11 14:04:28,4.19,-100.0,4.0,10.0,0.155,-0.313
2026-04-11 14:19:28,4.19,-97.0,7.0,10.0,0.031,-0.408
2026-04-11 14:34:30,4.21,-98.0,5.5,10.0,0.043,-0.428
2026-04-11 14:49:27,4.21,-100.0,1.2,10.0,0.089,-0.463
2026-04-11 15:04:34,,-97.0,6.5,10.0,,
2026-04-11 15:19:32,4.21,-94.0,6.5,10.0,0.065,-0.351
2026-04-11 15:34:26,4.21,-98.0,5.5,10.0,0.183,-0.219
2026-04-11 15:49:27,4.19,-94.0,6.0,10.0,0.046,-0.267
2026-04-11 16:04:26,4.17,-100.0,2.8,10.0,0.148,-0.364
2026-04-11 16:19:33,4.21,-97.0,5.8,10.0,-0.013,-0.431
2026-04-11 16:34:31,4.21,-94.0,5.8,10.0,0.112,-0.417
2026-04-11 16:49:27,4.21,-96.0,6.2,10.0,0.12,-0.344
2026-04-11 17:04:31,4.21,-103.0,0.5,10.0,0.077,-0.357
2026-04-11 17:19:30,4.21,-99.0,4.0,10.0,0.123,-0.292
2026-04-11 17:34:28,4.21,-95.0,7.5,10.0,0.195,-0.361
2026-04-11 17:49:30,4.21,-98.0,4.2,10.0,0.098,-0.305
2026-04-11 18:04:29,4.17,-102.0,0.2,10.0,0.169,-0.295
2026-04-11 18:19:32,4.17,-98.0,-2.8,10.0,0.163,-0.44
2026-04-11 18:34:25,4.16,-99.0,5.0,10.0,0.148,-0.273
2026-04-11 18:49:33,4.15,-96.0,6.2,10.0,0.203,-0.326
2026-04-11 19:04:32,4.14,-99.0,4.8,10.0,0.152,-0.41
2026-04-11 19:19:25,4.14,-104.0,1.5,10.0,0.129,-0.43
2026-04-11 19:34:26,4.13,-98.0,5.5,10.0,0.087,-0.441
2026-04-11 19:49:25,4.12,-95.0,6.0,10.0,0.051,-0.414
2026-04-11 20:04:33,4.12,-103.0,1.8,10.0,0.034,-0.431
2026-04-11 20:19:25,4.11,-97.0,6.0,10.0,0.152,-0.408
2026-04-11 20:34:34,4.11,-99.0,4.5,10.0,0.059,-0.443
2026-04-11 20:49:32,4.11,-97.0,6.8,10.0,-0.024,-0.442
2026-04-11 21:04:29,4.1,-101.0,-1.8,10.0,0.088,-0.516
2026-04-11 21:19:31,4.1,-100.0,5.5,10.0,-0.064,-0.539
2026-04-11 21:34:31,4.1,-100.0,3.5,10.0,-0.005,-0.463
2026-04-11 21:49:26,4.09,-95.0,7.5,10.0,-0.005,-0.491
2026-04-11 22:04:32,4.09,-102.0,2.2,10.0,-0.082,-0.559
2026-04-11 22:19:33,4.09,-100.0,5.0,10.0,-0.083,-0.504
2026-04-11 22:34:26,4.09,-95.0,8.0,10.0,-0.237,-0.605
2026-04-11 22:49:31,4.09,-94.0,7.8,10.0,-0.097,-0.527
2026-04-11 23:04:29,4.08,-95.0,7.8,10.0,-0.134,-0.58
2026-04-11 23:19:32,4.08,-95.0,6.2,10.0,-0.101,-0.505
2026-04-11 23:34:26,4.08,-102.0,-0.8,10.0,-0.033,-0.533
2026-04-11 23:49:31,4.08,-99.0,5.2,10.0,-0.042,-0.478
2026-04-12 00:04:27,4.08,-101.0,1.8,10.0,0.018,-0.4
2026-04-12 00:19:29,4.08,-94.0,8.0,10.0,0.042,-0.498
2026-04-12 00:34:34,4.07,-102.0,2.0,10.0,0.059,-0.431
2026-04-12 00:49:33,4.07,-99.0,1.8,10.0,0.002,-0.416
2026-04-12 01:04:30,4.07,-93.0,8.5,10.0,0.054,-0.359
2026-04-12 01:19:27,4.07,-93.0,9.5,10.0,0.078,-0.464
2026-04-12 01:34:29,4.07,-96.0,3.8,10.0,0.153,-0.394
2026-04-12 01:49:26,4.07,-95.0,7.0,10.0,0.008,-0.379
2026-04-12 02:04:27,4.07,-103.0,-1.5,10.0,0.051,-0.447
2026-04-12 02:19:35,4.06,-94.0,8.0,10.0,0.078,-0.351
2026-04-12 02:34:28,4.06,-100.0,3.2,10.0,0.108,-0.413
2026-04-12 02:49:30,4.06,-95.0,7.5,10.0,0.089,-0.426
2026-04-12 03:04:29,4.06,-96.0,6.8,10.0,-0.038,-0.471
2026-04-12 03:19:30,4.06,-93.0,8.5,10.0,0.05,-0.437
2026-04-12 03:34:30,4.06,-94.0,7.0,10.0,0.085,-0.437
2026-04-12 03:49:28,4.06,-100.0,4.8,10.0,0.024,-0.422
2026-04-12 04:04:30,4.05,-104.0,-4.0,10.0,0.165,-0.433
2026-04-12 04:19:34,4.05,-98.0,5.8,10.0,-0.058,-0.446
2026-04-12 04:34:29,4.05,-94.0,8.2,10.0,-0.033,-0.379
2026-04-12 04:49:30,4.05,-94.0,9.5,10.0,-0.027,-0.488
2026-04-12 05:04:29,4.05,-97.0,6.2,10.0,0.051,-0.369
2026-04-12 05:19:31,4.05,-94.0,8.0,10.0,0.037,-0.403
2026-04-12 05:34:30,4.04,-95.0,7.2,10.0,0.085,-0.339
2026-04-12 05:49:28,4.04,-99.0,4.2,10.0,0.016,-0.417
2026-04-12 06:04:33,4.04,-102.0,-2.0,10.0,0.081,-0.344
2026-04-12 06:19:33,4.04,-93.0,7.5,10.0,0.184,-0.428
2026-04-12 06:34:30,4.04,-102.0,4.0,10.0,0.083,-0.465
2026-04-12 06:49:28,4.04,-93.0,9.5,10.0,0.052,-0.502
2026-04-12 07:04:33,4.06,-96.0,4.8,10.0,-0.005,-0.37
2026-04-12 07:19:29,4.09,-93.0,8.0,10.0,-0.015,-0.505
2026-04-12 07:34:25,4.1,-101.0,1.8,10.0,-0.081,-0.503
2026-04-12 07:49:33,4.1,-96.0,6.0,10.0,-0.298,-0.641
2026-04-12 08:04:26,4.11,-103.0,0.8,10.0,-0.044,-0.465
2026-04-12 08:19:26,4.12,-92.0,7.5,10.0,-0.127,-0.582
2026-04-12 08:34:26,4.12,-95.0,6.8,10.0,-0.204,-0.506
2026-04-12 08:49:26,4.13,-97.0,7.2,10.0,-0.003,-0.478
2026-04-12 09:04:35,4.15,-94.0,7.8,10.0,0.024,-0.374
2026-04-12 09:19:33,4.16,-100.0,3.2,10.0,0.125,-0.314
2026-04-12 09:34:32,4.17,-96.0,7.0,10.0,0.086,-0.31
2026-04-12 09:49:29,4.14,-102.0,1.0,10.0,0.058,-0.267
2026-04-12 10:04:27,4.19,-103.0,-0.2,10.0,0.079,-0.364
2026-04-12 10:19:27,4.19,-101.0,3.5,10.0,0.163,-0.292
2026-04-12 10:34:28,4.21,-100.0,4.0,10.0,0.032,-0.459
2026-04-12 10:49:26,4.21,-95.0,8.0,10.0,0.238,-0.106
2026-04-12 11:04:35,4.21,-93.0,8.0,10.0,-0.011,-0.444
2026-04-12 11:19:35,4.21,-97.0,5.5,10.0,0.453,-0.093
2026-04-12 11:34:26,4.21,-97.0,5.5,10.0,0.227,-0.184
2026-04-12 11:49:28,4.21,-100.0,4.8,10.0,0.535,-0.004
2026-04-12 12:04:28,4.19,-99.0,-4.0,10.0,0.133,-0.14
2026-04-12 12:19:26,4.19,-94.0,8.2,10.0,0.491,-0.152
2026-04-12 12:34:25,4.17,-98.0,6.0,10.0,0.715,0.178
2026-04-12 12:49:26,4.17,-94.0,7.0,10.0,0.575,0.056
2026-04-12 13:04:32,4.17,-96.0,6.0,10.0,0.756,0.333
2026-04-12 13:19:28,4.17,-98.0,5.0,10.0,0.646,0.126
2026-04-12 13:34:25,4.17,-101.0,1.2,10.0,0.721,0.098
2026-04-12 13:49:31,4.16,-100.0,3.8,10.0,0.57,0.169
2026-04-12 14:04:35,4.16,-97.0,6.2,10.0,0.609,0.017
2026-04-12 14:19:28,4.16,-94.0,8.5,10.0,0.663,0.197
2026-04-12 14:34:34,4.19,-100.0,4.2,10.0,0.336,-0.153
2026-04-12 14:49:29,4.21,-95.0,7.5,10.0,0.577,0.194
2026-04-12 15:04:32,,-100.0,3.2,10.0,,
2026-04-12 15:19:31,4.21,-95.0,6.0,10.0,0.642,0.18
2026-04-12 15:34:30,4.21,-100.0,3.8,10.0,0.719,0.222
2026-04-12 15:49:26,4.21,-102.0,1.5,10.0,0.781,0.27
2026-04-12 16:04:28,4.21,-105.0,-3.5,10.0,0.793,0.281
2026-04-12 16:19:31,4.21,-99.0,2.8,10.0,0.808,0.139
2026-04-12 16:34:34,4.19,-103.0,1.0,10.0,0.641,0.135
2026-04-12 16:49:28,4.19,-95.0,6.8,10.0,0.845,0.316
2026-04-12 17:04:35,4.19,-96.0,6.8,10.0,0.567,0.139
2026-04-12 17:19:27,4.17,-99.0,5.8,10.0,0.753,0.178
2026-04-12 17:34:33,4.17,-94.0,8.8,10.0,0.751,0.289
2026-04-12 17:49:35,4.17,-101.0,2.0,10.0,0.855,0.269
2026-04-12 18:04:35,4.17,-99.0,4.2,10.0,0.753,0.155
2026-04-12 18:19:33,4.17,-96.0,6.2,10.0,0.834,0.266
2026-04-12 18:34:31,4.16,-94.0,8.5,10.0,0.657,0.153
2026-04-12 18:49:29,4.15,-93.0,7.8,10.0,0.766,0.165
2026-04-12 19:04:28,4.14,-100.0,-2.2,10.0,0.787,0.142
2026-04-12 19:19:27,4.14,-95.0,8.0,10.0,0.768,0.139
2026-04-12 19:34:26,4.13,-104.0,-2.0,10.0,0.824,0.356
2026-04-12 19:49:34,4.13,-93.0,8.0,10.0,0.508,0.006
2026-04-12 20:19:34,4.12,-100.0,1.8,10.0,0.472,-0.088
2026-04-12 20:34:28,4.12,-91.0,3.5,10.0,0.828,0.162
2026-04-12 20:49:34,4.11,-101.0,1.5,10.0,0.497,-0.092
2026-04-12 21:04:27,4.11,-93.0,8.5,10.0,0.367,-0.209
2026-04-12 21:19:28,4.1,-93.0,8.2,10.0,0.249,-0.166
2026-04-12 21:34:31,4.1,-92.0,8.5,10.0,0.424,-0.133
2026-04-12 21:49:34,4.1,-96.0,6.2,10.0,0.47,-0.107
2026-04-12 22:04:32,4.1,-94.0,8.0,10.0,0.611,-0.114
2026-04-12 22:19:32,4.09,-96.0,6.0,10.0,0.467,-0.11
2026-04-12 22:34:31,4.09,-103.0,,10.0,0.304,-0.18
2026-04-12 22:49:26,4.09,-101.0,-0.5,10.0,0.243,-0.28
2026-04-12 23:04:25,4.09,-104.0,-1.8,10.0,0.191,-0.332
2026-04-12 23:19:28,4.08,-104.0,-4.2,10.0,0.135,-0.323
2026-04-12 23:34:27,4.08,-103.0,0.2,10.0,0.138,-0.317
2026-04-12 23:49:31,4.08,-100.0,4.2,10.0,0.129,-0.347
2026-04-13 00:04:34,4.08,-106.0,-3.8,10.0,0.1,-0.389
2026-04-13 00:19:30,4.08,-101.0,2.2,10.0,0.102,-0.31
2026-04-13 00:34:28,4.08,-103.0,-1.2,10.0,0.236,-0.389
2026-04-13 00:49:35,4.07,-103.0,1.5,10.0,0.201,-0.367
2026-04-13 01:19:28,4.07,-106.0,-9.0,10.0,0.073,-0.482
2026-04-13 01:34:33,4.07,-103.0,-0.5,10.0,0.082,-0.383
2026-04-13 01:49:30,4.07,-105.0,-1.5,10.0,0.089,-0.423
2026-04-13 02:04:28,4.07,-98.0,4.0,10.0,0.05,-0.323
2026-04-13 02:19:29,4.07,-107.0,-4.5,10.0,0.109,-0.392
2026-04-13 02:34:32,4.06,-102.0,2.0,10.0,0.175,-0.356
2026-04-13 02:49:28,4.06,-101.0,1.8,10.0,0.155,-0.349
2026-04-13 03:04:33,4.06,-99.0,4.8,10.0,0.15,-0.406
2026-04-13 03:19:30,4.06,-97.0,5.2,10.0,0.163,-0.372
2026-04-13 03:34:28,4.06,-107.0,-5.5,10.0,0.134,-0.373
2026-04-13 03:49:34,4.06,-98.0,5.5,10.0,0.082,-0.405
2026-04-13 04:04:30,4.06,-99.0,5.5,10.0,0.163,-0.369
2026-04-13 04:19:30,4.05,-105.0,-3.0,10.0,0.113,-0.342
2026-04-13 04:34:27,4.05,-98.0,5.2,10.0,0.13,-0.331
2026-04-13 04:49:28,4.05,-96.0,6.8,10.0,0.097,-0.374
2026-04-13 05:04:27,4.05,-104.0,-1.0,10.0,0.028,-0.359
2026-04-13 05:19:34,4.05,-98.0,6.0,10.0,0.078,-0.343
2026-04-13 05:34:29,4.05,-100.0,4.2,10.0,0.216,-0.367
2026-04-13 05:49:28,4.04,-94.0,9.2,10.0,0.152,-0.345
2026-04-13 06:04:32,4.04,-95.0,4.2,10.0,0.19,-0.358
2026-04-13 06:19:32,4.04,-99.0,4.5,10.0,0.186,-0.302
2026-04-13 06:34:27,4.04,-96.0,6.8,10.0,0.133,-0.366
2026-04-13 06:49:29,4.03,-106.0,-1.2,10.0,0.097,-0.352
2026-04-13 07:04:32,4.03,-94.0,8.2,10.0,0.155,-0.294
2026-04-13 07:19:34,4.03,-95.0,7.0,10.0,0.118,-0.3
2026-04-13 07:34:31,4.03,-97.0,3.5,10.0,0.195,-0.301
2026-04-13 07:49:28,4.02,-95.0,5.8,10.0,0.137,-0.322
2026-04-13 08:04:30,4.02,-106.0,-4.0,10.0,0.104,-0.347
2026-04-13 08:19:27,4.02,-104.0,-1.5,10.0,0.199,-0.352
2026-04-13 08:34:31,4.03,-94.0,8.8,10.0,0.153,-5.183
2026-04-13 08:49:27,4.06,-103.0,0.5,10.0,0.134,-0.405
2026-04-13 09:04:33,4.08,-99.0,3.0,10.0,0.185,-0.38
2026-04-13 09:19:28,4.09,-96.0,7.5,10.0,0.249,-0.261
2026-04-13 09:34:35,4.08,-95.0,7.2,10.0,0.263,-0.154
2026-04-13 09:49:26,4.09,-95.0,6.8,10.0,0.21,-0.295
2026-04-13 10:04:29,4.1,-97.0,6.8,10.0,0.097,-0.246
2026-04-13 10:19:31,4.11,-100.0,4.0,10.0,0.221,-0.281
2026-04-13 10:34:27,4.12,-103.0,1.8,10.0,0.2,-0.287
2026-04-13 10:49:30,4.13,-94.0,7.8,10.0,0.174,-0.266
2026-04-13 11:04:31,4.13,-98.0,5.8,10.0,0.145,-0.254
2026-04-13 11:19:34,4.15,-94.0,8.5,10.0,0.001,-0.279
2026-04-13 11:34:35,4.16,-102.0,2.0,10.0,0.212,-0.238
2026-04-13 11:49:30,4.17,-96.0,5.8,10.0,0.429,-0.008
2026-04-13 12:04:31,4.19,-94.0,8.8,10.0,0.111,-0.347
2026-04-13 12:19:34,4.19,-98.0,5.0,10.0,0.543,0.026
2026-04-13 12:34:31,4.21,-105.0,-0.8,10.0,0.391,-0.099
2026-04-13 12:49:35,4.21,-95.0,8.8,10.0,0.191,-0.202
2026-04-13 13:04:34,4.21,-104.0,-1.2,10.0,0.378,0.014
2026-04-13 13:19:31,4.21,-93.0,6.8,10.0,0.632,0.013
2026-04-13 13:34:27,4.21,-95.0,8.0,10.0,0.407,-0.173
2026-04-13 13:49:32,4.21,-96.0,4.5,10.0,0.344,-0.191
2026-04-13 14:04:31,4.19,-97.0,6.8,10.0,0.61,0.076
2026-04-13 14:19:29,4.19,-100.0,3.5,10.0,0.605,0.169
2026-04-13 14:34:28,4.17,-93.0,8.0,10.0,0.837,0.287
2026-04-13 14:49:29,4.17,-92.0,8.8,10.0,0.763,0.168
2026-04-13 15:04:28,4.17,-98.0,5.5,10.0,0.86,0.306
2026-04-13 15:19:34,4.17,-108.0,-2.2,10.0,0.457,-0.093
2026-04-13 15:34:27,4.17,-107.0,-5.0,10.0,-0.066,-0.391
2026-04-13 15:49:33,4.16,-93.0,7.8,10.0,0.337,-0.072
2026-04-13 16:04:29,4.16,-92.0,8.5,10.0,0.698,0.252
2026-04-13 16:19:31,4.21,-102.0,4.2,10.0,0.474,0.019
2026-04-13 16:34:33,4.21,-101.0,2.5,10.0,0.956,0.324
2026-04-13 16:49:33,4.21,-92.0,8.5,10.0,0.907,0.373
2026-04-13 17:19:31,4.21,-95.0,7.2,10.0,0.916,0.311
2026-04-13 17:34:35,4.21,-94.0,7.8,10.0,0.642,0.092
2026-04-13 17:49:33,4.21,-96.0,7.2,10.0,0.78,0.073
2026-04-13 18:04:34,4.21,-91.0,7.0,10.0,0.78,0.197
2026-04-13 18:19:26,4.19,-100.0,3.5,10.0,0.702,0.102
2026-04-13 18:34:36,4.19,-92.0,8.0,10.0,0.702,0.173
2026-04-13 18:49:33,4.17,-93.0,8.2,10.0,0.555,0.155
2026-04-13 19:04:30,4.17,-103.0,-1.0,10.0,0.63,0.128
2026-04-13 19:19:28,4.16,-101.0,-0.8,10.0,0.619,0.049
2026-04-13 19:34:28,4.15,-105.0,-1.2,10.0,0.606,0.063
2026-04-13 19:49:30,4.15,-95.0,6.8,10.0,0.671,-0.012
2026-04-13 20:04:29,4.14,-93.0,8.5,10.0,0.566,0.012
2026-04-13 20:19:35,4.14,-99.0,4.0,10.0,0.575,0.06
2026-04-13 20:34:34,4.13,-94.0,9.0,10.0,0.747,0.104
2026-04-13 20:49:28,4.13,-94.0,8.8,10.0,0.546,0.052
2026-04-13 21:04:31,4.12,-104.0,-0.8,10.0,0.565,-0.011
2026-04-13 21:19:30,4.12,-94.0,8.8,10.0,0.6,-0.029
2026-04-13 21:34:28,4.11,-92.0,9.0,10.0,0.645,0.024
2026-04-13 21:49:31,4.11,-91.0,7.5,10.0,0.54,0.016
2026-04-13 22:04:35,4.11,-98.0,5.2,10.0,0.627,0.073
2026-04-13 22:19:31,4.1,-100.0,-0.2,10.0,0.645,-0.043
2026-04-13 22:34:34,4.1,-104.0,0.5,10.0,0.7,-0.019
2026-04-13 22:49:34,4.1,-93.0,8.8,10.0,0.541,0.005
2026-04-13 23:04:26,4.1,-94.0,7.8,10.0,0.525,-0.036
2026-04-13 23:19:32,4.09,-95.0,6.8,10.0,0.549,-0.031
2026-04-13 23:34:27,4.09,-93.0,8.0,10.0,0.617,-0.131
2026-04-13 23:49:35,4.09,-93.0,8.2,10.0,0.518,0.051
2026-04-14 00:04:35,4.09,-99.0,2.8,10.0,0.517,0.048
2026-04-14 00:19:32,4.08,-101.0,1.8,10.0,0.53,0.036
2026-04-14 00:34:31,4.08,-94.0,7.2,10.0,0.459,-0.165
2026-04-14 00:49:35,4.08,-107.0,-8.2,10.0,0.52,-0.083
2026-04-14 01:04:26,4.08,-96.0,6.2,10.0,0.47,-0.091
2026-04-14 01:19:30,4.08,-95.0,7.8,10.0,0.495,-0.162
2026-04-14 01:49:32,4.07,-93.0,7.0,10.0,0.544,0.018
2026-04-14 02:04:36,4.07,-93.0,5.2,10.0,0.472,-0.117
2026-04-14 02:34:29,4.07,-96.0,5.0,10.0,0.532,-0.175
2026-04-14 02:49:31,,-99.0,10.2,10.0,,
2026-04-14 03:04:32,,-100.0,3.0,10.0,,
2026-04-14 03:19:35,4.07,-102.0,7.2,10.0,0.399,-0.101
2026-04-14 03:34:31,4.07,-94.0,6.5,10.0,0.435,-0.042
2026-04-14 03:49:34,4.06,-99.0,4.2,10.0,0.621,0.015
2026-04-14 04:19:33,4.06,-96.0,6.0,10.0,0.68,0.019
2026-04-14 04:34:25,4.06,-101.0,1.0,10.0,0.516,-0.01
2026-04-14 04:49:25,4.06,-101.0,8.8,10.0,0.567,0.144
2026-04-14 05:04:26,4.05,-96.0,5.0,10.0,0.569,-0.028
2026-04-14 05:19:33,4.05,-92.0,8.2,10.0,0.39,-0.186
2026-04-14 05:34:27,4.05,-90.0,4.8,10.0,0.355,-0.1
2026-04-14 05:49:26,4.05,-92.0,8.8,10.0,0.367,-0.089
2026-04-14 06:04:33,4.05,-103.0,2.2,10.0,0.4,-0.258
2026-04-14 06:19:28,4.04,-103.0,4.8,10.0,0.359,-0.207
2026-04-14 06:34:36,4.04,-92.0,7.5,10.0,0.318,-0.24
2026-04-14 06:49:25,4.04,-94.0,8.5,10.0,0.307,-0.365
2026-04-14 07:04:29,4.04,-96.0,6.8,10.0,0.273,-0.247
2026-04-14 07:19:31,4.03,-100.0,-1.5,10.0,0.192,-0.434
2026-04-14 07:34:32,4.03,-94.0,4.5,10.0,0.136,-0.319
2026-04-14 07:49:33,4.03,-92.0,6.8,10.0,0.026,-0.405
2026-04-14 08:04:26,4.03,-99.0,4.8,10.0,0.142,-0.385
2026-04-14 08:19:29,4.04,-99.0,3.0,10.0,0.046,-0.376
2026-04-14 08:34:26,4.04,-95.0,7.5,10.0,0.017,-0.389
2026-04-14 08:49:34,4.06,-94.0,7.5,10.0,0.064,-0.443
2026-04-14 09:04:26,4.08,-94.0,7.8,10.0,0.003,-0.431
2026-04-14 09:19:33,4.09,-93.0,7.8,10.0,-0.1,-0.555
2026-04-14 09:34:33,4.1,-92.0,8.0,10.0,-0.064,-0.488
2026-04-14 09:49:30,4.1,-99.0,3.8,10.0,-0.421,-0.71
2026-04-14 10:04:35,4.11,-100.0,3.2,10.0,-0.19,-0.592
2026-04-14 10:19:27,4.12,-100.0,1.5,10.0,-0.127,-0.548
2026-04-14 10:34:28,4.13,-91.0,6.5,10.0,0.125,-0.347
2026-04-14 10:49:30,4.14,-98.0,5.5,10.0,0.157,-0.12
2026-04-14 11:04:34,4.15,-94.0,9.0,10.0,0.269,-0.049
2026-04-14 11:19:28,4.17,-94.0,6.2,10.0,0.352,0.007
2026-04-14 11:34:31,4.17,-101.0,2.8,10.0,0.371,-0.069
2026-04-14 11:49:29,4.14,-103.0,-1.0,10.0,0.352,0.059
2026-04-14 12:04:32,4.13,-92.0,6.5,10.0,0.797,0.307
2026-04-14 12:19:26,4.13,-101.0,-0.2,10.0,0.417,-0.133
2026-04-14 12:34:29,4.12,-93.0,8.8,10.0,0.719,0.183
2026-04-14 12:49:33,4.12,-100.0,1.2,10.0,0.664,0.143
2026-04-14 13:04:26,4.11,-93.0,7.5,10.0,0.94,0.415
2026-04-14 13:19:34,4.11,-97.0,6.5,10.0,0.543,0.051
2026-04-14 13:34:33,4.1,-96.0,7.2,10.0,0.887,0.247
2026-04-14 13:49:34,4.1,-109.0,0.5,10.0,1.011,0.374
2026-04-14 14:04:28,4.1,-95.0,9.5,10.0,0.724,0.212
2026-04-14 14:19:31,4.1,-97.0,3.8,10.0,0.998,0.223
2026-04-14 14:34:28,4.09,-95.0,4.5,10.0,1.195,0.533
2026-04-14 14:49:27,4.09,-101.0,3.8,10.0,1.229,0.578
2026-04-14 15:04:32,4.09,-94.0,9.5,10.0,1.031,0.468
2026-04-14 15:19:36,,-98.0,4.0,10.0,,
2026-04-14 15:34:27,4.08,-94.0,8.0,10.0,0.619,0.179
2026-04-14 15:49:27,4.08,-99.0,4.2,10.0,0.987,0.462
2026-04-14 16:04:34,4.08,-102.0,2.2,10.0,0.928,0.326
2026-04-14 16:19:30,4.08,-104.0,-0.2,10.0,1.08,0.488
2026-04-14 16:34:28,4.08,-101.0,0.8,10.0,0.96,0.338
2026-04-14 16:49:28,4.08,-95.0,7.0,10.0,1.208,0.626
2026-04-14 17:04:35,4.07,-94.0,8.0,10.0,1.338,0.616
2026-04-14 17:19:31,4.07,-97.0,6.8,10.0,1.083,0.47
2026-04-14 17:49:27,4.07,-104.0,1.8,10.0,0.992,0.426
2026-04-14 18:04:34,4.07,-93.0,6.8,10.0,0.785,0.346
2026-04-14 18:19:30,4.07,-105.0,-4.2,10.0,0.986,0.358
2026-04-14 18:34:34,4.07,-94.0,5.8,10.0,1.129,0.499
2026-04-14 18:49:31,4.06,-100.0,4.0,10.0,1.099,0.497
2026-04-14 19:04:31,4.06,-92.0,9.0,10.0,1.06,0.514
2026-04-14 19:19:32,4.06,-98.0,4.5,10.0,1.029,0.388
2026-04-14 19:34:29,4.06,-96.0,6.2,10.0,0.939,0.401
2026-04-14 19:49:29,4.06,-99.0,3.0,10.0,0.989,0.317
2026-04-14 20:04:33,4.06,-94.0,9.2,10.0,0.941,0.442
2026-04-14 20:19:35,4.05,-100.0,-3.8,10.0,0.963,0.395
2026-04-14 20:34:35,4.05,-93.0,7.8,10.0,0.889,0.3
2026-04-14 20:49:33,4.05,-93.0,5.5,10.0,0.878,0.35
2026-04-14 21:04:35,4.05,-93.0,6.5,10.0,0.93,0.384
2026-04-14 21:19:35,4.05,-94.0,8.2,10.0,0.922,0.306
2026-04-14 21:34:35,4.04,-98.0,3.0,10.0,0.873,0.31
2026-04-14 21:49:26,4.04,-101.0,2.8,10.0,0.889,0.338
2026-04-14 22:04:34,4.04,-100.0,4.0,10.0,0.919,0.326
2026-04-14 22:19:33,4.04,-97.0,6.5,10.0,1.067,0.392
2026-04-14 22:34:29,4.03,-92.0,8.5,10.0,0.872,0.297
2026-04-14 22:49:34,4.03,-95.0,8.2,10.0,0.783,0.27
2026-04-14 23:04:30,4.03,-95.0,7.8,10.0,1.565,0.818
2026-04-14 23:19:28,4.02,-104.0,1.5,10.0,0.877,0.168
2026-04-14 23:34:28,4.02,-102.0,0.5,10.0,0.592,0.027
2026-04-14 23:49:29,4.02,-100.0,2.8,10.0,0.545,0.07
2026-04-15 00:04:28,4.01,-95.0,6.5,10.0,0.453,-0.159
2026-04-15 00:19:32,4.01,-101.0,1.2,10.0,0.418,0.027
2026-04-15 00:34:33,4.01,-102.0,1.2,10.0,0.441,-0.032
2026-04-15 01:04:35,4.0,-96.0,4.2,10.0,0.422,-0.241
2026-04-15 01:19:25,4.0,-94.0,7.2,10.0,0.367,-0.263
2026-04-15 01:34:29,4.0,-95.0,6.5,10.0,0.333,-0.262
2026-04-15 01:49:28,3.99,-100.0,3.2,10.0,0.166,-0.262
2026-04-15 02:04:35,3.99,-96.0,6.8,10.0,0.131,-0.295
2026-04-15 02:19:32,3.98,-95.0,7.5,10.0,0.316,-0.393
2026-04-15 02:34:34,3.98,-98.0,4.0,10.0,0.247,-0.363
2026-04-15 02:49:34,3.98,-95.0,5.8,10.0,0.044,-0.314
2026-04-15 03:04:31,3.97,-94.0,7.5,10.0,0.18,-0.281
2026-04-15 03:19:34,3.97,-95.0,8.0,10.0,0.174,-0.348
2026-04-15 03:34:35,3.97,-95.0,-3.0,10.0,-0.133,-0.471
2026-04-15 03:49:26,3.97,-100.0,-0.5,10.0,0.094,-0.429
2026-04-15 04:04:35,3.96,-100.0,3.5,10.0,0.151,-0.326
2026-04-15 04:19:34,3.96,-97.0,6.5,10.0,0.264,-0.305
2026-04-15 04:34:26,3.96,-98.0,5.0,10.0,0.148,-0.332
2026-04-15 04:49:27,3.95,-103.0,-5.5,10.0,0.231,-0.27
2026-04-15 05:04:34,3.95,-94.0,9.0,10.0,0.316,-0.248
2026-04-15 05:19:29,3.95,-94.0,7.8,10.0,0.329,-0.259
2026-04-15 05:34:26,3.94,-98.0,8.5,10.0,0.344,-0.239
2026-04-15 05:49:33,3.94,-96.0,7.2,10.0,0.368,-0.208
2026-04-15 06:04:27,3.94,-95.0,8.0,10.0,0.261,-0.14
2026-04-15 06:19:36,3.93,-101.0,1.5,10.0,0.346,-0.252
2026-04-15 06:34:28,3.93,-99.0,4.5,10.0,0.286,-0.146
2026-04-15 06:49:29,3.93,-94.0,8.2,10.0,0.236,-0.246
2026-04-15 07:04:31,3.93,-93.0,6.5,10.0,0.422,-0.12
2026-04-15 07:19:32,3.92,-93.0,7.0,10.0,0.515,-0.063
2026-04-15 07:34:32,3.92,-95.0,7.5,10.0,0.489,-0.081
2026-04-15 07:49:30,3.97,-100.0,3.0,10.0,0.448,-0.107
2026-04-15 08:04:28,3.98,-92.0,7.8,10.0,0.582,-0.031
2026-04-15 08:19:29,4.0,-101.0,1.0,10.0,0.525,-0.086
2026-04-15 08:34:29,3.99,-100.0,1.2,10.0,0.696,0.038
2026-04-15 08:49:32,3.99,-103.0,2.5,10.0,0.442,-0.046
2026-04-15 09:04:33,4.02,-94.0,8.0,10.0,0.523,0.023
2026-04-15 09:19:33,4.02,-98.0,5.0,10.0,0.599,0.112
2026-04-15 09:34:34,4.01,-93.0,7.8,10.0,0.593,-0.021
2026-04-15 09:49:30,4.0,-95.0,7.0,10.0,0.592,-0.035
2026-04-15 10:04:33,4.0,-92.0,4.8,10.0,0.695,0.082
2026-04-15 10:19:25,4.0,-95.0,7.5,10.0,0.574,0.028
2026-04-15 10:34:33,4.01,-100.0,0.5,10.0,0.572,0.003
2026-04-15 10:49:35,4.01,-95.0,2.2,10.0,0.591,-0.212
2026-04-15 11:04:36,4.01,-101.0,2.0,10.0,0.455,-0.103
2026-04-15 11:19:32,4.03,-93.0,9.0,10.0,0.471,-0.192
2026-04-15 11:34:32,4.06,-92.0,8.8,10.0,0.213,-0.187
2026-04-15 11:49:31,4.07,-91.0,8.5,10.0,0.209,-0.215
2026-04-15 12:04:35,4.08,-93.0,9.2,10.0,0.183,-0.256
2026-04-15 12:19:33,4.09,-93.0,5.5,10.0,0.08,-0.355
2026-04-15 12:34:29,4.1,-97.0,5.0,10.0,0.395,-0.249
2026-04-15 12:49:27,4.11,-93.0,7.2,10.0,0.275,-0.192
2026-04-15 13:04:34,4.11,-94.0,7.8,10.0,0.411,-0.151
2026-04-15 13:19:32,4.12,-95.0,6.8,10.0,0.387,-0.163
2026-04-15 13:34:32,4.13,-97.0,4.8,10.0,0.424,-0.199
2026-04-15 13:49:28,4.14,-106.0,-4.8,10.0,0.363,-0.16
2026-04-15 14:04:34,4.15,-104.0,-4.2,10.0,0.532,-0.082
2026-04-15 14:19:26,4.16,-94.0,9.2,10.0,0.434,-0.119
2026-04-15 14:34:32,4.17,-103.0,-1.2,10.0,0.548,-0.061
2026-04-15 14:49:35,4.14,-94.0,8.5,10.0,0.448,-0.149
2026-04-15 15:04:25,4.19,-94.0,7.0,10.0,0.315,-0.189
2026-04-15 15:19:35,4.19,-96.0,7.2,10.0,0.626,0.101
2026-04-15 15:34:32,,-99.0,4.0,10.0,,
2026-04-15 15:49:33,4.21,-103.0,1.0,10.0,0.574,0.064
2026-04-15 16:04:25,4.21,-94.0,7.5,10.0,0.708,0.133
2026-04-15 16:19:26,4.21,-94.0,6.5,10.0,0.739,0.18
2026-04-15 16:34:31,4.21,-97.0,6.0,10.0,0.799,0.253
2026-04-15 17:04:34,4.19,-94.0,7.0,10.0,0.753,0.142
2026-04-15 17:19:31,4.19,-96.0,5.0,10.0,0.797,0.156
2026-04-15 17:34:30,4.17,-94.0,8.0,10.0,0.749,0.255
2026-04-15 17:49:34,4.17,-97.0,6.2,10.0,0.834,0.219
2026-04-15 18:04:26,4.17,-93.0,8.0,10.0,0.65,0.083
2026-04-15 18:19:32,4.17,-94.0,-1.8,10.0,0.828,0.22
2026-04-15 18:34:34,4.17,-99.0,4.0,10.0,0.686,0.166
2026-04-15 18:49:32,4.15,-99.0,3.0,10.0,0.93,0.276
2026-04-15 19:04:28,4.15,-94.0,6.5,10.0,0.922,0.335
2026-04-15 19:19:34,4.14,-102.0,0.5,10.0,0.904,0.267
2026-04-15 19:34:30,4.13,-92.0,6.8,10.0,0.91,0.308
2026-04-15 19:49:35,4.13,-93.0,7.8,10.0,0.866,0.326
2026-04-15 20:04:35,4.12,-92.0,7.2,10.0,0.854,0.24
2026-04-15 20:19:34,4.12,-102.0,2.2,10.0,0.781,0.212
2026-04-15 20:34:27,4.12,-97.0,5.8,10.0,0.817,0.177
2026-04-15 21:04:32,4.11,-101.0,-0.5,10.0,0.784,0.289
2026-04-15 21:19:35,,-94.0,7.5,10.0,,
2026-04-15 21:34:35,,-95.0,7.5,10.0,,
2026-04-15 21:49:28,4.1,-108.0,6.0,10.0,0.817,0.169
2026-04-15 22:04:34,4.1,-94.0,8.0,10.0,0.756,0.136
2026-04-15 22:19:28,4.1,-95.0,5.2,10.0,0.767,0.156
2026-04-15 22:49:35,4.09,-94.0,7.5,10.0,0.758,0.081
2026-04-15 23:04:28,4.09,-94.0,5.8,10.0,0.738,0.123
2026-04-15 23:19:26,4.08,-92.0,6.8,10.0,1.096,0.344
2026-04-15 23:34:31,4.08,-103.0,1.2,10.0,0.722,0.016
2026-04-15 23:49:28,4.08,-103.0,-0.2,10.0,0.442,-0.161
2026-04-16 00:04:30,4.08,-101.0,1.8,10.0,0.368,-0.199
2026-04-16 00:19:31,4.08,-107.0,-6.5,10.0,0.283,-0.149
2026-04-16 00:34:31,4.08,-103.0,-6.2,10.0,0.242,-0.289
2026-04-16 00:49:32,4.07,-102.0,1.2,10.0,0.172,-0.369
2026-04-16 01:04:29,4.07,-101.0,3.0,10.0,0.164,-0.401
2026-04-16 01:19:32,4.07,-103.0,2.2,10.0,0.013,-0.429
2026-04-16 01:34:31,4.07,-102.0,2.2,10.0,0.067,-0.507
2026-04-16 01:49:30,4.07,-99.0,4.0,10.0,0.082,-0.399
2026-04-16 02:04:31,4.07,-102.0,-2.8,10.0,0.114,-0.34
2026-04-16 02:19:34,4.07,-104.0,1.8,10.0,0.205,-0.436
2026-04-16 02:34:32,4.06,-102.0,1.0,10.0,0.053,-0.424
2026-04-16 02:49:28,4.06,-97.0,5.8,10.0,0.095,-0.364
2026-04-16 03:04:30,4.06,-96.0,6.2,10.0,0.104,-0.369
2026-04-16 03:19:31,4.06,-97.0,7.2,10.0,0.125,-0.319
2026-04-16 03:34:33,4.06,-99.0,4.5,10.0,0.103,-0.404
2026-04-16 03:49:34,4.06,-97.0,5.0,10.0,0.223,-0.342
2026-04-16 04:04:33,4.06,-102.0,2.2,10.0,0.13,-0.363
2026-04-16 04:19:32,4.05,-95.0,7.0,10.0,0.165,-0.297
2026-04-16 04:34:26,4.05,-100.0,4.2,10.0,0.207,-0.367
2026-04-16 04:49:34,4.05,-94.0,-12.5,10.0,0.211,-0.333
2026-04-16 05:04:29,4.05,-96.0,6.8,10.0,0.28,-0.302
2026-04-16 05:19:29,4.05,-96.0,5.0,10.0,0.295,-0.309
2026-04-16 05:34:26,4.04,-96.0,5.0,10.0,0.11,-0.377
2026-04-16 05:49:35,4.04,-105.0,-5.0,10.0,0.117,-0.359
2026-04-16 06:04:27,4.04,-100.0,0.2,10.0,0.108,-0.395
2026-04-16 06:19:29,4.04,-104.0,0.5,10.0,0.124,-0.459
2026-04-16 06:34:34,4.03,-104.0,-1.8,10.0,0.042,-0.459
2026-04-16 06:49:35,4.03,-103.0,0.2,10.0,0.032,-0.388
2026-04-16 07:04:31,4.03,-99.0,-3.0,10.0,0.106,-0.437
2026-04-16 07:19:33,4.03,-102.0,2.0,10.0,0.02,-0.375
2026-04-16 07:34:30,4.03,-101.0,1.2,10.0,0.098,-0.39
2026-04-16 07:49:35,4.03,-103.0,2.2,10.0,0.066,-0.346
2026-04-16 08:04:33,4.06,-99.0,3.8,10.0,0.053,-0.398
2026-04-16 08:19:35,4.04,-99.0,4.0,10.0,0.179,-0.288
2026-04-16 08:34:28,4.07,-102.0,-2.2,10.0,0.126,-0.409
2026-04-16 08:49:32,4.09,-103.0,2.8,10.0,0.165,-0.281
2026-04-16 09:04:32,4.09,-98.0,4.0,10.0,0.368,-0.125
2026-04-16 09:19:30,4.07,-99.0,3.0,10.0,0.372,-0.138
2026-04-16 09:34:34,4.11,-97.0,5.0,10.0,0.235,-0.207
2026-04-16 09:49:35,4.11,-105.0,-2.5,10.0,0.236,-0.294
2026-04-16 10:04:25,4.12,-98.0,8.0,10.0,0.191,-0.237
2026-04-16 10:19:33,4.13,-97.0,4.8,10.0,0.446,-0.084
2026-04-16 10:34:27,4.14,-98.0,4.8,10.0,0.497,-0.016
2026-04-16 10:49:34,4.15,-95.0,3.2,10.0,0.449,0.013
2026-04-16 11:04:31,4.17,-97.0,6.0,10.0,0.755,0.165
2026-04-16 11:34:30,4.14,-95.0,3.0,10.0,0.356,-0.146
2026-04-16 11:49:28,4.19,-102.0,-1.2,10.0,0.646,0.106
2026-04-16 12:04:27,4.19,-95.0,3.5,10.0,0.527,0.004
2026-04-16 12:19:28,4.21,-96.0,6.2,10.0,0.701,0.183
2026-04-16 12:34:25,4.21,-101.0,-1.5,10.0,1.095,0.434
2026-04-16 12:49:26,4.21,-94.0,8.2,10.0,0.738,0.287
2026-04-16 13:04:30,4.21,-96.0,2.2,10.0,0.455,0.048
2026-04-16 13:19:34,4.19,-92.0,6.5,10.0,0.801,0.137
2026-04-16 13:34:29,4.19,-100.0,3.5,10.0,0.825,0.271
2026-04-16 13:49:28,4.17,-96.0,6.0,10.0,1.084,0.507
2026-04-16 14:04:34,4.17,-101.0,1.8,10.0,1.004,0.438
2026-04-16 14:19:29,4.17,-102.0,2.5,10.0,0.98,0.329
2026-04-16 14:34:34,4.17,-104.0,-3.0,10.0,1.095,0.626
2026-04-16 14:49:26,4.16,-96.0,5.0,10.0,1.015,0.487
2026-04-16 15:04:35,4.21,-94.0,7.8,10.0,1.238,0.614
2026-04-16 15:19:32,4.21,-93.0,7.5,10.0,1.679,0.937
2026-04-16 15:34:28,4.21,-99.0,5.5,10.0,1.37,0.765
2026-04-16 15:49:27,,-92.0,1.0,10.0,,
2026-04-16 16:04:32,4.17,-99.0,1.8,10.0,0.834,0.283
2026-04-16 16:19:33,4.21,-95.0,7.0,10.0,1.007,0.39
2026-04-16 16:34:28,4.21,-99.0,4.0,10.0,0.956,0.333
2026-04-16 16:49:30,4.21,-98.0,5.2,10.0,1.062,0.524
2026-04-16 17:04:30,4.17,-97.0,9.5,10.0,0.672,0.07
2026-04-16 17:19:26,4.21,-96.0,6.5,10.0,0.682,0.193
2026-04-16 17:34:30,4.21,-96.0,5.5,10.0,0.708,0.314
2026-04-16 17:49:27,4.21,-94.0,8.5,10.0,0.927,0.339
2026-04-16 18:04:33,4.17,-101.0,2.0,10.0,0.878,0.228
2026-04-16 18:19:33,4.19,-101.0,0.5,10.0,1.138,0.514
2026-04-16 18:34:26,4.17,-100.0,4.0,10.0,0.995,0.337
2026-04-16 18:49:29,4.17,-101.0,-0.8,10.0,0.747,0.178
2026-04-16 19:04:30,4.16,-98.0,4.2,10.0,0.753,0.155
2026-04-16 19:19:31,4.15,-95.0,5.0,10.0,0.576,0.092
2026-04-16 19:34:34,4.14,-97.0,5.0,10.0,0.58,0.026
2026-04-16 19:49:32,4.13,-103.0,3.2,10.0,0.499,-0.051
2026-04-16 20:04:33,4.13,-94.0,4.8,10.0,0.48,-0.106
2026-04-16 20:19:34,4.12,-96.0,6.8,10.0,0.482,-0.14
2026-04-16 20:34:33,4.12,-103.0,-0.8,10.0,0.404,-0.354
2026-04-16 20:49:31,4.11,-94.0,7.2,10.0,0.243,-0.289
2026-04-16 21:04:31,4.11,-97.0,5.2,10.0,0.209,-0.376
2026-04-16 21:19:29,4.1,-102.0,4.0,10.0,0.153,-0.353
2026-04-16 21:34:34,4.1,-99.0,6.0,10.0,0.171,-0.429
2026-04-16 21:49:26,4.1,-92.0,-2.8,10.0,0.051,-0.415
2026-04-16 22:04:29,4.1,-103.0,2.5,10.0,0.103,-0.441
2026-04-16 22:19:36,4.09,-98.0,8.0,10.0,0.073,-0.339
2026-04-16 22:34:31,4.09,-105.0,-7.0,10.0,0.178,-0.478
2026-04-16 22:49:34,4.09,-99.0,6.8,10.0,0.049,-0.398
2026-04-16 23:04:32,4.08,-101.0,4.8,10.0,0.052,-0.501
2026-04-16 23:19:31,4.08,-101.0,3.0,10.0,0.086,-0.331
2026-04-16 23:34:34,4.08,-95.0,7.5,10.0,0.058,-0.378
2026-04-16 23:49:33,4.08,-98.0,6.2,10.0,0.079,-0.429
2026-04-17 00:04:29,4.08,-96.0,4.2,10.0,0.095,-0.49
2026-04-17 00:19:32,4.08,-94.0,6.8,10.0,0.108,-0.397
2026-04-17 00:34:29,4.07,-100.0,2.5,10.0,0.068,-0.508
2026-04-17 00:49:33,4.07,-95.0,2.8,10.0,-0.08,-0.488
2026-04-17 01:04:29,4.07,-96.0,6.2,10.0,0.153,-0.592
2026-04-17 01:19:26,4.07,-101.0,4.5,10.0,-0.016,-0.392
2026-04-17 01:34:29,4.07,-97.0,6.5,10.0,-0.028,-0.451
2026-04-17 01:49:33,4.07,-98.0,5.2,10.0,0.104,-0.477
2026-04-17 02:04:34,4.07,-104.0,-1.2,10.0,-0.007,-0.469
2026-04-17 02:19:31,4.06,-95.0,7.8,10.0,-0.086,-0.599
2026-04-17 02:34:29,4.06,-104.0,-1.2,10.0,0.007,-0.429
2026-04-17 02:49:32,4.06,-95.0,7.0,10.0,0.056,-0.553
2026-04-17 03:04:28,4.06,-99.0,3.0,10.0,-0.005,-0.492
2026-04-17 03:19:31,4.06,-94.0,6.5,10.0,-0.049,-0.495
2026-04-17 03:34:33,4.06,-96.0,5.8,10.0,-0.043,-0.488
2026-04-17 03:49:32,4.06,-98.0,6.8,10.0,-0.036,-0.547
2026-04-17 04:04:29,4.05,-101.0,3.8,10.0,-0.134,-0.584
2026-04-17 04:19:26,4.05,-108.0,5.8,10.0,-0.052,-0.533
2026-04-17 04:34:31,4.05,-103.0,0.8,10.0,-0.087,-0.548
2026-04-17 04:49:33,4.05,-95.0,6.2,10.0,-0.058,-0.552
2026-04-17 05:04:35,4.05,-95.0,8.0,10.0,-0.057,-0.563
2026-04-17 05:19:29,4.05,-99.0,4.0,10.0,0.025,-0.628
2026-04-17 05:34:34,4.04,-97.0,7.0,10.0,-0.028,-0.479
2026-04-17 05:49:30,4.04,-93.0,7.0,10.0,-0.07,-0.576
2026-04-17 06:04:27,4.04,-94.0,8.8,10.0,-0.099,-0.613
2026-04-17 06:19:29,4.04,-99.0,-0.5,10.0,-0.097,-0.543
2026-04-17 06:34:27,4.03,-101.0,-2.5,10.0,-0.041,-0.565
2026-04-17 06:49:31,4.03,-96.0,6.8,10.0,-0.174,-0.626
2026-04-17 07:04:26,4.07,-100.0,4.2,10.0,-0.221,-0.614
2026-04-17 07:19:34,4.09,-100.0,4.5,10.0,-0.395,-0.781
2026-04-17 07:34:35,4.1,-93.0,7.8,10.0,-0.363,-0.841
2026-04-17 07:49:28,4.1,-96.0,6.5,10.0,-0.499,-0.909
2026-04-17 08:04:32,4.11,-93.0,8.2,10.0,-0.393,-0.824
2026-04-17 08:34:26,4.13,-98.0,4.5,10.0,-0.007,-0.408
2026-04-17 08:49:32,4.14,-100.0,5.8,10.0,0.033,-0.308
2026-04-17 09:04:30,4.15,-96.0,7.0,10.0,0.057,-0.27
2026-04-17 09:19:32,4.17,-93.0,6.5,10.0,0.358,-0.119
2026-04-17 09:34:30,4.17,-94.0,8.2,10.0,0.464,-0.007
2026-04-17 09:49:31,4.19,-93.0,7.8,10.0,0.551,0.169
2026-04-17 10:04:31,4.19,-93.0,8.8,10.0,0.639,0.235
2026-04-17 10:19:30,4.21,-99.0,4.0,10.0,0.629,0.08
2026-04-17 10:34:31,4.21,-99.0,4.0,10.0,0.792,0.188
2026-04-17 10:49:31,4.21,-94.0,,10.0,1.06,0.513
2026-04-17 11:19:35,4.21,-101.0,-3.0,10.0,1.004,0.417
2026-04-17 11:34:33,,-94.0,11.0,10.0,,
2026-04-17 11:49:31,,-93.0,8.0,10.0,,
2026-04-17 12:04:28,4.19,-93.0,7.8,10.0,1.347,0.68
2026-04-17 12:19:33,4.17,-95.0,6.5,10.0,1.244,0.768
2026-04-17 12:34:36,4.17,-98.0,5.5,10.0,1.394,0.731
2026-04-17 12:49:33,4.17,-100.0,4.0,10.0,1.687,1.017
2026-04-17 13:04:31,4.17,-95.0,8.5,10.0,1.6,1.05
2026-04-17 13:19:35,4.16,-93.0,6.8,10.0,1.797,1.098
2026-04-17 13:34:33,4.16,-97.0,5.0,10.0,1.775,1.18
2026-04-17 13:49:33,4.19,-92.0,10.0,10.0,2.104,1.571
2026-04-17 14:04:33,4.21,-93.0,7.5,10.0,1.719,1.072
2026-04-17 14:19:28,4.21,-100.0,-0.2,10.0,2.152,1.471
2026-04-17 14:34:35,4.21,-97.0,4.5,10.0,2.145,1.39
2026-04-17 14:49:30,4.21,-95.0,7.0,10.0,2.105,1.506
2026-04-17 15:04:29,4.21,-94.0,8.8,10.0,2.156,1.398
2026-04-17 15:19:33,4.21,-92.0,5.2,10.0,1.875,1.253
2026-04-17 15:34:30,4.21,-105.0,-6.0,10.0,2.307,1.616
2026-04-17 15:49:31,,-95.0,8.8,10.0,,
2026-04-17 16:04:28,4.19,-94.0,7.8,10.0,2.134,1.464
2026-04-17 16:19:34,4.19,-103.0,2.5,10.0,2.432,1.665
2026-04-17 16:34:28,4.17,-99.0,4.5,10.0,2.379,1.743
2026-04-17 16:49:35,4.17,-93.0,5.8,10.0,2.401,1.655
2026-04-17 17:04:30,4.17,-95.0,7.5,10.0,2.242,1.525
2026-04-17 17:19:29,4.17,-89.0,2.8,10.0,2.345,1.74
2026-04-17 17:34:31,4.17,-100.0,3.5,10.0,2.452,1.553
2026-04-17 17:49:29,4.16,-100.0,4.8,10.0,2.298,1.64
2026-04-17 18:04:32,4.15,-92.0,8.2,10.0,2.296,1.536
2026-04-17 18:19:33,4.14,-93.0,8.5,10.0,2.254,1.529
2026-04-17 18:49:27,4.13,-95.0,4.0,10.0,1.994,1.338
2026-04-17 19:04:35,4.13,-92.0,9.0,10.0,1.923,1.275
2026-04-17 19:19:32,4.12,-94.0,7.8,10.0,1.981,1.174
2026-04-17 19:34:28,4.12,-96.0,6.0,10.0,1.815,1.212
2026-04-17 19:49:29,4.12,-101.0,4.0,10.0,1.781,1.112
2026-04-17 20:04:30,4.11,-95.0,7.5,10.0,1.789,1.099
2026-04-17 20:19:29,4.11,-99.0,10.5,10.0,1.73,1.103
2026-04-17 20:34:28,4.11,-101.0,3.0,10.0,1.789,1.062
2026-04-17 20:49:33,4.1,-95.0,1.8,10.0,1.744,1.114
2026-04-17 21:04:31,4.1,-92.0,10.8,10.0,1.897,1.095
2026-04-17 21:34:31,4.1,-93.0,8.2,10.0,1.628,0.952
2026-04-17 21:49:28,4.09,-106.0,-8.8,10.0,1.513,0.989
2026-04-17 22:04:26,4.09,-97.0,6.0,10.0,1.637,0.976
2026-04-17 22:19:33,4.09,-100.0,4.5,10.0,2.569,1.722
2026-04-17 22:34:33,4.08,-103.0,-6.0,10.0,1.312,0.963
2026-04-17 22:49:33,4.08,-113.0,-11.8,10.0,0.876,0.395
2026-04-17 23:04:29,4.08,-114.0,-12.8,10.0,0.743,0.186
2026-04-17 23:19:32,4.08,-105.0,-0.5,10.0,0.435,-0.019
2026-04-17 23:34:28,4.08,-108.0,-5.5,10.0,0.394,-0.271
2026-04-17 23:49:31,4.08,-109.0,-5.8,10.0,0.23,-0.236
2026-04-18 00:04:28,4.07,-105.0,-1.0,10.0,0.28,-0.363
2026-04-18 00:19:27,4.07,-109.0,-2.8,10.0,0.183,-0.294
2026-04-18 00:34:25,4.07,-109.0,-4.2,10.0,0.185,-0.307
2026-04-18 00:49:34,4.07,-115.0,-1.5,10.0,0.275,-0.421
2026-04-18 01:04:26,4.07,-106.0,1.5,10.0,0.299,-0.357
2026-04-18 01:19:28,4.07,-109.0,-1.2,10.0,0.313,-0.259
2026-04-18 01:34:27,4.07,-106.0,1.8,10.0,0.21,-0.188
2026-04-18 01:49:31,4.06,-105.0,3.2,10.0,0.262,-0.313
2026-04-18 02:04:32,4.06,-109.0,-4.0,10.0,0.192,-0.32
2026-04-18 02:19:29,4.06,-107.0,1.2,10.0,0.232,-0.387
2026-04-18 02:34:27,4.06,-110.0,-6.0,10.0,0.144,-0.366
2026-04-18 03:04:34,4.06,-109.0,,10.0,0.117,-0.348
2026-04-18 03:19:27,4.06,-107.0,2.0,10.0,0.148,-0.316
2026-04-18 03:34:27,4.05,-108.0,-1.5,10.0,0.185,-0.299
2026-04-18 03:49:33,4.05,-110.0,-3.8,10.0,0.122,-0.361
2026-04-18 04:04:27,4.05,-110.0,-2.2,10.0,0.21,-0.303
2026-04-18 04:19:27,4.05,-111.0,-6.2,10.0,0.288,-0.248
2026-04-18 04:34:28,4.05,-112.0,-4.5,10.0,0.348,-0.24
2026-04-18 05:04:33,4.04,-105.0,4.2,10.0,0.312,-0.25
2026-04-18 05:19:26,4.04,-107.0,-0.2,10.0,0.413,-0.231
2026-04-18 05:34:28,4.04,-103.0,4.8,10.0,0.397,-0.209
2026-04-18 05:49:33,4.03,-103.0,4.8,10.0,0.413,-0.26
2026-04-18 06:04:31,4.03,-103.0,4.8,10.0,0.431,-0.205
2026-04-18 06:19:35,4.03,-108.0,-5.5,10.0,0.413,-0.187
2026-04-18 06:34:30,4.03,-114.0,-6.0,10.0,0.508,-0.125
2026-04-18 06:49:29,4.02,-115.0,-13.5,10.0,0.488,-0.113
2026-04-18 07:04:35,4.02,-116.0,-14.2,10.0,0.482,-0.121
2026-04-18 07:19:32,4.03,-114.0,-6.5,10.0,0.485,-0.146
2026-04-18 07:34:28,4.01,-112.0,-3.5,10.0,0.59,-0.126
2026-04-18 07:49:27,4.02,-112.0,-3.5,10.0,0.525,-0.121
2026-04-18 08:04:32,4.04,-112.0,-2.0,10.0,0.54,-0.165
2026-04-18 08:19:25,4.07,-112.0,-3.0,10.0,0.523,-0.072
2026-04-18 08:34:31,4.08,-113.0,-3.0,10.0,0.567,-0.005
2026-04-18 08:49:34,4.1,-113.0,-5.2,10.0,0.681,-0.029
2026-04-18 09:04:32,4.1,-110.0,1.0,10.0,0.453,-0.035
2026-04-18 09:19:28,4.11,-111.0,-4.5,10.0,0.618,0.078
2026-04-18 09:34:26,4.12,-113.0,-3.8,10.0,0.745,0.093
2026-04-18 09:49:33,4.13,-113.0,-4.5,10.0,0.645,-0.016
2026-04-18 10:04:27,4.14,-114.0,-4.8,10.0,0.662,0.01
2026-04-18 10:19:29,4.15,-111.0,-3.0,10.0,0.509,-0.042
2026-04-18 10:34:33,4.17,-114.0,-10.0,10.0,0.446,-0.137
2026-04-18 10:49:27,4.17,-113.0,-4.0,10.0,0.632,0.1
2026-04-18 11:04:27,4.19,-113.0,-3.2,10.0,0.753,0.078
2026-04-18 11:19:26,4.19,-113.0,-5.5,10.0,0.892,0.211
2026-04-18 11:34:30,4.21,-114.0,-10.8,10.0,0.773,0.188
2026-04-18 11:49:33,4.21,-114.0,-12.2,10.0,0.79,0.148
2026-04-18 12:04:25,4.21,-112.0,-2.8,10.0,0.748,0.199
2026-04-18 12:19:33,4.21,-117.0,-2.2,10.0,0.847,0.283
2026-04-18 12:34:30,4.21,-115.0,-13.2,10.0,0.867,0.373
2026-04-18 12:49:32,4.19,-115.0,-8.8,10.0,0.859,0.262
2026-04-18 13:04:29,4.21,-115.0,-5.8,10.0,0.919,0.476
2026-04-18 13:19:27,4.21,-110.0,,10.0,0.845,0.291
2026-04-18 13:34:28,4.21,-113.0,-5.2,10.0,0.946,0.321
2026-04-18 13:49:26,4.21,-111.0,-0.2,10.0,0.767,0.215
2026-04-18 14:04:29,4.21,-115.0,-8.0,10.0,0.986,0.244
2026-04-18 14:19:29,4.21,-112.0,-4.2,10.0,0.911,0.355
2026-04-18 14:34:28,4.21,-104.0,4.0,10.0,1.045,0.354
2026-04-18 14:49:28,4.21,-104.0,3.8,10.0,0.94,0.272
2026-04-18 15:04:27,4.19,-100.0,6.2,10.0,0.933,0.332
2026-04-18 15:19:29,4.21,-110.0,-4.2,10.0,0.981,0.299
2026-04-18 15:34:31,4.21,-106.0,1.5,10.0,0.905,0.342
2026-04-18 15:49:33,,-103.0,3.8,10.0,,
2026-04-18 16:04:27,4.21,-102.0,3.5,10.0,0.891,0.271
2026-04-18 16:19:33,4.21,-96.0,9.5,10.0,1.042,0.463
2026-04-18 16:34:33,4.21,-105.0,1.5,10.0,0.897,0.303
2026-04-18 17:04:25,4.21,-99.0,7.8,10.0,0.908,0.256
2026-04-18 17:34:33,4.17,-101.0,6.0,10.0,0.907,0.322
2026-04-18 17:49:30,4.17,-102.0,4.8,10.0,1.025,0.334
2026-04-18 18:04:28,4.16,-103.0,3.2,10.0,0.852,0.225
2026-04-18 18:34:35,4.15,-96.0,7.0,10.0,0.882,0.245
2026-04-18 18:49:28,4.14,-106.0,-2.0,10.0,1.003,0.15
2026-04-18 19:04:31,4.14,-100.0,5.8,10.0,0.852,0.254
2026-04-18 19:19:27,4.13,-98.0,5.8,10.0,0.898,0.19
2026-04-18 19:34:30,4.13,-103.0,4.2,10.0,0.836,0.256
2026-04-18 19:49:26,4.12,-96.0,-3.5,10.0,0.908,0.194
2026-04-18 20:04:33,4.11,-101.0,5.0,10.0,0.853,0.148
2026-04-18 20:19:31,4.11,-104.0,3.0,10.0,0.66,0.138
2026-04-18 20:34:30,4.1,-98.0,6.8,10.0,0.695,0.126
2026-04-18 20:49:29,4.1,-100.0,5.0,10.0,0.75,0.079
2026-04-18 21:04:28,4.1,-96.0,6.8,10.0,0.637,0.075
2026-04-18 21:19:32,4.09,-100.0,6.2,10.0,0.745,0.001
2026-04-18 21:49:29,4.09,-98.0,8.2,10.0,0.471,-0.021
2026-04-18 22:04:32,,-97.0,6.8,10.0,,
2026-04-18 22:19:28,,-106.0,-0.2,10.0,,
2026-04-18 22:34:30,4.08,-99.0,7.2,10.0,0.544,0.0
2026-04-18 22:49:29,4.08,-103.0,3.8,10.0,0.626,-0.042
2026-04-18 23:04:32,4.08,-99.0,6.0,10.0,0.521,-0.096
2026-04-18 23:19:31,4.08,-99.0,6.5,10.0,0.562,-0.127
2026-04-18 23:34:26,4.07,-103.0,4.8,10.0,0.449,-0.075
2026-04-18 23:49:32,4.07,-102.0,-3.0,10.0,0.547,-0.142
2026-04-19 00:04:31,4.07,-104.0,-0.5,10.0,0.577,0.008
2026-04-19 00:19:27,4.07,-97.0,7.5,10.0,0.581,0.01
2026-04-19 00:34:35,4.07,-97.0,7.8,10.0,0.525,-0.077
2026-04-19 00:49:32,4.07,-101.0,4.5,10.0,0.506,-0.093
2026-04-19 01:04:28,4.07,-105.0,1.5,10.0,0.457,-0.205
2026-04-19 01:19:32,4.06,-95.0,7.2,10.0,0.523,0.008
2026-04-19 01:34:35,4.06,-95.0,6.0,10.0,0.374,-0.162
2026-04-19 01:49:28,4.06,-97.0,7.5,10.0,0.295,-0.264
2026-04-19 02:04:34,4.06,-95.0,8.0,10.0,0.303,-0.308
2026-04-19 02:19:27,4.06,-103.0,0.8,10.0,0.417,-0.214
2026-04-19 02:34:35,4.06,-98.0,8.0,10.0,0.293,-0.244
2026-04-19 02:49:29,4.06,-103.0,-0.8,10.0,0.319,-0.158
2026-04-19 03:04:31,4.05,-105.0,0.8,10.0,0.298,-0.28
2026-04-19 03:19:30,4.05,-96.0,6.8,10.0,0.218,-0.22
2026-04-19 03:34:35,4.05,-100.0,3.5,10.0,0.36,-0.346
2026-04-19 03:49:28,4.05,-97.0,7.0,10.0,0.25,-0.395
2026-04-19 04:04:34,4.05,-95.0,6.2,10.0,0.33,-0.211
2026-04-19 04:19:33,4.05,-95.0,7.5,10.0,0.194,-0.287
2026-04-19 04:34:32,4.05,-97.0,7.2,10.0,0.374,-0.329
2026-04-19 04:49:32,4.04,-100.0,4.5,10.0,0.227,-0.382
2026-04-19 05:04:36,4.04,-97.0,7.2,10.0,0.159,-0.264
2026-04-19 05:19:35,4.04,-103.0,0.8,10.0,0.302,-0.296
2026-04-19 05:34:33,4.04,-97.0,6.2,10.0,0.123,-0.353
2026-04-19 05:49:31,4.03,-96.0,7.0,10.0,0.277,-0.351
2026-04-19 06:04:32,4.03,-96.0,6.2,10.0,0.226,-0.295
2026-04-19 06:19:30,4.03,-104.0,1.2,10.0,0.159,-0.396
2026-04-19 06:34:33,4.03,-95.0,7.5,10.0,0.215,-0.5
2026-04-19 06:49:31,4.05,-100.0,4.0,10.0,0.133,-0.465
2026-04-19 07:04:34,4.07,-97.0,4.2,10.0,-0.02,-0.484
2026-04-19 07:19:31,4.1,-96.0,6.8,10.0,-0.029,-0.56
2026-04-19 07:34:29,4.1,-95.0,4.8,10.0,-0.052,-0.541
2026-04-19 07:49:35,4.11,-103.0,2.0,10.0,-0.056,-0.537
2026-04-19 08:04:30,4.12,-106.0,-0.5,10.0,0.042,-0.397
2026-04-19 08:19:31,4.13,-94.0,9.0,10.0,0.129,-0.336
2026-04-19 08:34:35,4.14,-95.0,7.2,10.0,0.205,-0.287
2026-04-19 08:49:28,4.15,-100.0,3.5,10.0,0.267,-0.342
2026-04-19 09:04:27,4.17,-96.0,6.0,10.0,0.243,-0.219
2026-04-19 09:19:30,4.17,-105.0,-0.8,10.0,0.392,-0.024
2026-04-19 09:34:33,4.19,-107.0,-13.2,10.0,0.553,-0.017
2026-04-19 09:49:28,4.19,-97.0,6.8,10.0,0.558,0.016
2026-04-19 10:04:28,4.19,-97.0,6.8,10.0,0.782,0.068
2026-04-19 10:19:32,4.21,-94.0,8.8,10.0,0.71,0.131
2026-04-19 10:34:34,4.21,-102.0,1.5,10.0,0.761,0.184
2026-04-19 10:49:31,4.21,-100.0,0.5,10.0,0.782,0.148
2026-04-19 11:04:35,4.21,-101.0,4.0,10.0,0.931,0.286
2026-04-19 11:19:28,4.19,-93.0,6.5,10.0,0.78,0.15
2026-04-19 11:34:29,4.21,-98.0,5.8,10.0,0.861,0.155
2026-04-19 11:49:27,4.21,-104.0,0.5,10.0,0.809,0.288
2026-04-19 12:04:28,4.21,-102.0,2.0,10.0,0.54,0.002
2026-04-19 12:19:29,4.21,-97.0,6.0,10.0,0.856,0.293
2026-04-19 12:34:36,4.21,-97.0,6.0,10.0,0.643,0.184
2026-04-19 13:04:30,4.21,-101.0,2.5,10.0,0.965,0.415
2026-04-19 13:19:36,4.21,-97.0,6.2,10.0,1.008,0.157
2026-04-19 13:34:29,4.19,-102.0,3.0,10.0,1.039,0.359
2026-04-19 13:49:36,4.21,-97.0,10.5,10.0,1.124,0.465
2026-04-19 14:04:27,4.19,-99.0,4.5,10.0,1.443,0.773
2026-04-19 14:19:32,4.17,-95.0,5.2,10.0,0.836,0.312
2026-04-19 14:34:32,4.21,-96.0,7.0,10.0,0.572,0.046
2026-04-19 14:49:25,4.21,-99.0,4.5,10.0,0.385,-0.265
2026-04-19 15:19:32,4.21,-104.0,-0.5,10.0,0.486,-0.098
2026-04-19 15:34:28,,-92.0,8.0,10.0,,
2026-04-19 15:49:34,,-99.0,3.8,10.0,,
2026-04-19 16:04:35,,-101.0,2.0,10.0,,
2026-04-19 16:19:34,4.17,-94.0,7.0,10.0,0.834,0.157
2026-04-19 16:34:28,4.17,-94.0,6.8,10.0,0.809,0.139
2026-04-19 16:49:28,4.16,-104.0,-1.2,10.0,0.55,-0.055
2026-04-19 17:04:31,4.15,-100.0,3.5,10.0,0.625,-0.069
2026-04-19 17:19:28,4.21,-103.0,1.2,10.0,0.309,-0.238
2026-04-19 17:34:30,4.21,-94.0,7.5,10.0,0.597,0.123
2026-04-19 17:49:27,4.17,-97.0,5.8,10.0,0.612,0.012
2026-04-19 18:04:34,4.16,-95.0,7.2,10.0,0.635,-0.042
2026-04-19 18:19:28,4.15,-102.0,1.8,10.0,0.556,-0.1
2026-04-19 18:34:28,4.14,-96.0,6.0,10.0,0.45,-0.153
2026-04-19 18:49:34,4.13,-103.0,-3.2,10.0,0.481,-0.114
2026-04-19 19:04:31,4.13,-103.0,1.2,10.0,0.569,0.03
2026-04-19 19:19:31,4.12,-96.0,5.8,10.0,0.462,-0.178
2026-04-19 19:34:25,4.12,-99.0,5.2,10.0,0.508,-0.161
2026-04-19 19:49:29,4.11,-95.0,6.0,10.0,0.579,-0.238
2026-04-19 20:04:33,4.11,-95.0,6.8,10.0,0.462,-0.21
2026-04-19 20:19:26,4.1,-95.0,6.2,10.0,0.384,-0.17
2026-04-19 20:34:36,4.1,-100.0,3.0,10.0,0.343,-0.298
2026-04-19 20:49:26,4.1,-99.0,3.0,10.0,0.437,-0.282
2026-04-19 21:04:27,4.09,-104.0,-3.0,10.0,0.31,-0.327
2026-04-19 21:19:33,4.09,-94.0,6.0,10.0,0.221,-0.264
2026-04-19 21:34:35,4.09,-96.0,5.8,10.0,0.26,-0.4
2026-04-19 21:49:31,4.08,-97.0,6.2,10.0,0.337,-0.291
2026-04-19 22:04:26,4.08,-104.0,,10.0,0.388,-0.292
2026-04-19 22:19:27,4.08,-96.0,6.5,10.0,0.365,-0.215
2026-04-19 22:34:31,4.08,-95.0,6.2,10.0,0.373,-0.265
2026-04-19 22:49:33,4.08,-99.0,3.5,10.0,0.25,-0.357
2026-04-19 23:04:33,4.07,-103.0,0.5,10.0,0.409,-0.245
2026-04-19 23:19:31,4.07,-96.0,6.8,10.0,0.228,-0.256
2026-04-19 23:34:33,4.07,-96.0,6.8,10.0,0.299,-0.299
2026-04-19 23:49:26,4.07,-93.0,6.0,10.0,0.138,-0.338
2026-04-20 00:04:25,4.07,-97.0,6.0,10.0,0.148,-0.262
2026-04-20 00:19:34,4.07,-101.0,-3.0,10.0,0.263,-0.325
2026-04-20 00:34:29,4.07,-94.0,5.5,10.0,0.331,-0.298
2026-04-20 00:49:26,4.06,-105.0,-1.0,10.0,0.15,-0.418
2026-04-20 01:04:27,4.06,-95.0,7.5,10.0,0.058,-0.433
2026-04-20 01:19:31,4.06,-103.0,1.2,10.0,0.177,-0.416
2026-04-20 01:34:30,4.06,-96.0,5.8,10.0,0.073,-0.466
2026-04-20 01:49:29,4.06,-95.0,7.2,10.0,0.109,-0.391
2026-04-20 02:04:32,4.06,-94.0,7.2,10.0,0.213,-0.341
2026-04-20 02:19:31,4.06,-98.0,3.0,10.0,0.236,-0.422
2026-04-20 02:34:36,4.05,-97.0,7.2,10.0,0.111,-0.477
2026-04-20 03:04:35,4.05,-95.0,7.0,10.0,0.052,-0.503
2026-04-20 03:19:26,4.05,-95.0,3.5,10.0,-0.004,-0.404
2026-04-20 03:34:30,4.05,-96.0,2.5,10.0,0.009,-0.473
2026-04-20 03:49:29,4.05,-97.0,6.2,10.0,0.141,-0.392
2026-04-20 04:04:27,4.05,-94.0,6.5,10.0,0.077,-0.424
2026-04-20 04:19:36,4.04,-103.0,1.5,10.0,0.019,-0.452
2026-04-20 04:34:33,4.04,-103.0,-1.0,10.0,0.072,-0.603
2026-04-20 04:49:35,4.04,-99.0,3.2,10.0,0.036,-0.492
2026-04-20 05:04:25,4.04,-103.0,1.8,10.0,0.108,-0.52
2026-04-20 05:19:30,4.03,-96.0,6.8,10.0,0.048,-0.497
2026-04-20 05:34:30,4.03,-101.0,-2.8,10.0,-0.048,-0.637
2026-04-20 05:49:34,4.03,-96.0,6.0,10.0,-0.036,-0.642
2026-04-20 06:04:32,4.03,-94.0,8.2,10.0,0.067,-0.487
2026-04-20 06:19:29,4.03,-95.0,7.5,10.0,-0.017,-0.609
2026-04-20 06:34:29,4.03,-97.0,5.5,10.0,-0.017,-0.519
2026-04-20 06:49:32,4.06,-103.0,-0.2,10.0,-0.05,-0.547
2026-04-20 07:04:27,4.07,-96.0,5.2,10.0,-0.067,-0.697
2026-04-20 07:19:27,4.1,-94.0,9.5,10.0,-0.024,-0.835
2026-04-20 07:34:27,4.1,-101.0,4.5,10.0,-0.149,-0.617
2026-04-20 07:49:32,4.11,-97.0,6.0,10.0,-0.04,-0.491
2026-04-20 08:04:34,4.12,-94.0,8.5,10.0,-0.064,-0.416
2026-04-20 08:19:34,4.13,-94.0,7.2,10.0,-0.012,-0.385
2026-04-20 08:34:32,4.14,-101.0,1.5,10.0,0.113,-0.435
2026-04-20 08:49:34,4.15,-98.0,3.2,10.0,0.058,-0.286
2026-04-20 09:04:31,4.17,-94.0,7.2,10.0,0.144,-0.248
2026-04-20 09:19:29,4.13,-94.0,7.2,10.0,0.167,-0.224
2026-04-20 09:34:29,4.19,-97.0,7.0,10.0,0.316,-0.119
2026-04-20 09:49:29,4.19,-96.0,6.5,10.0,0.322,-0.24
2026-04-20 10:04:29,4.19,-101.0,4.0,10.0,0.422,-0.148
2026-04-20 10:19:31,4.21,-103.0,,10.0,0.512,-0.076
2026-04-20 10:34:36,4.21,-93.0,6.0,10.0,0.506,0.04
2026-04-20 10:49:33,4.21,-99.0,3.5,10.0,0.424,-0.121
2026-04-20 11:04:31,4.21,-94.0,6.5,10.0,0.615,0.026
2026-04-20 11:19:34,4.21,-95.0,8.0,10.0,0.532,-0.116
2026-04-20 11:34:31,4.19,-94.0,9.0,10.0,0.814,0.256
2026-04-20 11:49:29,4.21,-94.0,6.2,10.0,0.727,0.245
2026-04-20 12:04:31,4.21,-100.0,3.5,10.0,0.83,0.361
2026-04-20 12:19:30,4.21,-100.0,3.5,10.0,0.843,0.225
2026-04-20 12:34:26,4.21,-101.0,-1.8,10.0,0.84,-0.079
2026-04-20 12:49:29,4.21,-94.0,7.2,10.0,1.009,0.246
2026-04-20 13:04:33,4.21,-97.0,5.8,10.0,0.894,0.443
2026-04-20 13:19:36,4.21,-104.0,-2.0,10.0,1.07,0.375
2026-04-20 13:34:35,4.21,-98.0,4.2,10.0,0.904,0.312
2026-04-20 13:49:31,4.19,-94.0,8.2,10.0,1.025,0.323
2026-04-20 14:19:35,4.21,-94.0,7.2,10.0,1.05,0.426
2026-04-20 14:34:30,4.21,-99.0,4.2,10.0,1.113,0.528
2026-04-20 14:49:31,4.21,-94.0,8.2,10.0,1.072,0.426
2026-04-20 15:04:26,4.21,-96.0,6.5,10.0,0.973,0.417
2026-04-20 15:19:34,4.21,-105.0,-1.2,10.0,0.962,0.426
2026-04-20 15:34:32,4.21,-98.0,5.0,10.0,1.088,0.419
2026-04-20 15:49:30,4.21,-95.0,7.5,10.0,1.133,0.454
2026-04-20 16:04:29,4.19,-105.0,-3.2,10.0,1.143,0.456
2026-04-20 16:19:34,,-95.0,5.5,10.0,,
2026-04-20 16:34:35,4.21,-96.0,6.0,10.0,1.098,0.436
2026-04-20 16:49:34,4.21,-93.0,6.2,10.0,0.879,0.26
2026-04-20 17:04:36,4.21,-95.0,6.2,10.0,1.221,0.499
2026-04-20 17:19:35,4.21,-103.0,-4.8,10.0,0.822,0.278
2026-04-20 17:34:27,4.21,-90.0,4.5,10.0,0.961,0.409
2026-04-20 17:49:33,4.21,-95.0,6.0,10.0,1.173,0.49
2026-04-20 18:04:29,4.21,-95.0,7.5,10.0,1.151,0.481
2026-04-20 18:19:26,4.19,-99.0,4.8,10.0,1.151,0.471
2026-04-20 18:34:30,4.17,-101.0,4.2,10.0,1.029,0.387
2026-04-20 18:49:35,4.17,-94.0,9.0,10.0,0.94,0.415
2026-04-20 19:04:33,4.16,-103.0,3.8,10.0,1.035,0.354
2026-04-20 19:19:26,4.15,-104.0,0.5,10.0,1.07,0.378
2026-04-20 19:34:33,4.14,-95.0,7.2,10.0,0.973,0.361
2026-04-20 19:49:31,4.13,-96.0,6.0,10.0,0.968,0.371
2026-04-20 20:04:29,4.13,-94.0,8.0,10.0,0.936,0.327
2026-04-20 20:19:31,4.12,-95.0,7.2,10.0,0.928,0.249
2026-04-20 20:34:27,4.12,-100.0,4.0,10.0,0.862,0.194
2026-04-20 20:49:36,4.11,-92.0,6.2,10.0,0.864,0.219
2026-04-20 21:04:26,4.11,-96.0,6.5,10.0,0.854,0.107
2026-04-20 21:19:36,4.11,-102.0,2.5,10.0,0.747,0.175
2026-04-20 21:34:33,4.1,-102.0,-0.8,10.0,0.781,0.2
2026-04-20 21:49:33,4.1,-94.0,9.0,10.0,0.773,0.07
2026-04-20 22:04:36,4.1,-98.0,6.8,10.0,0.619,0.046
2026-04-20 22:19:33,4.09,-96.0,7.5,10.0,0.736,0.194
2026-04-20 22:34:29,4.09,-100.0,3.0,10.0,0.665,0.034
2026-04-20 22:49:29,4.09,-94.0,7.5,10.0,0.725,0.02
2026-04-20 23:04:25,4.09,-95.0,8.0,10.0,0.653,0.063
2026-04-20 23:19:36,4.08,-100.0,2.8,10.0,0.62,0.046
2026-04-20 23:34:28,4.08,-98.0,2.2,10.0,0.555,-0.036
2026-04-20 23:49:34,4.08,-94.0,7.5,10.0,0.511,0.023
2026-04-21 00:19:34,4.08,-102.0,0.5,10.0,0.585,0.049
2026-04-21 00:34:28,4.07,-94.0,5.8,10.0,0.627,0.021
2026-04-21 00:49:30,4.07,-95.0,8.0,10.0,0.601,-0.098
2026-04-21 01:04:29,4.07,-96.0,5.0,10.0,0.634,-0.081
2026-04-21 01:19:26,4.07,-103.0,1.0,10.0,0.531,0.009
2026-04-21 01:34:33,4.07,-96.0,8.8,10.0,0.532,-0.033
2026-04-21 01:49:33,4.07,-96.0,7.5,10.0,0.574,-0.005
2026-04-21 02:04:27,4.07,-103.0,0.8,10.0,0.598,-0.047
2026-04-21 02:19:33,4.06,-100.0,4.2,10.0,0.631,-0.002
2026-04-21 02:34:34,4.06,-94.0,8.8,10.0,0.621,-0.012
2026-04-21 02:49:30,4.06,-98.0,10.8,10.0,0.601,-0.124
2026-04-21 03:04:29,4.06,-98.0,5.2,10.0,0.555,-0.036
2026-04-21 03:19:30,4.06,-94.0,8.0,10.0,0.558,0.017
2026-04-21 03:34:32,4.06,-92.0,5.8,10.0,0.658,-0.064
2026-04-21 03:49:33,4.06,-98.0,6.8,10.0,0.568,0.029
2026-04-21 04:04:28,4.06,-101.0,3.2,10.0,0.606,-0.051
2026-04-21 04:19:35,4.05,-96.0,5.8,10.0,0.56,0.017
2026-04-21 04:34:33,4.05,-105.0,-2.5,10.0,0.532,-0.015
2026-04-21 04:49:29,4.05,-94.0,8.5,10.0,0.581,-0.073
2026-04-21 05:04:33,4.05,-104.0,-5.0,10.0,0.616,-0.019
2026-04-21 05:19:30,4.05,-102.0,-3.0,10.0,0.582,-0.047
2026-04-21 05:34:27,4.05,-99.0,8.2,10.0,0.692,0.021
2026-04-21 05:49:28,4.04,-96.0,6.5,10.0,0.611,-0.052
2026-04-21 06:04:33,4.04,-100.0,5.8,10.0,0.541,-0.007
2026-04-21 06:19:28,4.04,-95.0,6.2,10.0,0.626,-0.017
2026-04-21 06:34:31,4.05,-103.0,1.0,10.0,0.568,-0.082
2026-04-21 06:49:30,4.09,-95.0,8.0,10.0,0.597,-0.064
2026-04-21 07:04:31,4.1,-103.0,3.2,10.0,0.528,0.012
2026-04-21 07:19:26,4.11,-93.0,7.2,10.0,0.417,-0.104
2026-04-21 07:34:35,4.11,-96.0,6.2,10.0,0.58,-0.067
2026-04-21 07:49:35,4.12,-95.0,8.0,10.0,0.702,0.098
2026-04-21 08:04:32,4.13,-101.0,-1.0,10.0,0.62,0.109
2026-04-21 08:19:33,4.14,-100.0,4.5,10.0,0.666,0.198
2026-04-21 08:34:31,4.16,-96.0,6.0,10.0,0.974,0.35
2026-04-21 08:49:27,4.17,-94.0,8.2,10.0,0.908,0.377
2026-04-21 09:04:28,4.13,-99.0,4.0,10.0,0.942,0.44
2026-04-21 09:19:30,4.19,-92.0,7.2,10.0,1.217,0.58
2026-04-21 09:34:29,4.19,-101.0,4.8,10.0,1.324,0.781
2026-04-21 09:49:34,4.21,-98.0,5.0,10.0,1.424,0.726
2026-04-21 10:04:30,4.21,-95.0,4.8,10.0,1.444,0.806
2026-04-21 10:19:33,4.21,-105.0,-5.5,10.0,1.734,1.09
2026-04-21 10:34:35,4.21,-102.0,0.2,10.0,1.784,1.255
2026-04-21 10:49:27,4.21,-96.0,5.8,10.0,1.879,1.24
2026-04-21 11:04:34,4.21,-99.0,-4.5,10.0,1.8,1.186
2026-04-21 11:19:29,4.19,-103.0,-0.2,10.0,1.767,1.176
2026-04-21 11:34:34,4.19,-99.0,2.5,10.0,2.151,1.429
2026-04-21 11:49:34,4.17,-92.0,8.0,10.0,2.128,1.599
2026-04-21 12:04:34,4.17,-93.0,7.8,10.0,2.255,1.618
2026-04-21 12:34:32,4.17,-97.0,6.5,10.0,2.407,1.601
2026-04-21 12:49:31,4.21,-102.0,1.8,10.0,2.504,1.888
2026-04-21 13:04:26,4.21,-97.0,6.2,10.0,2.497,1.891
2026-04-21 13:19:35,4.21,-104.0,-3.2,10.0,2.633,1.792
2026-04-21 13:34:27,4.21,-96.0,7.2,10.0,2.887,2.118
2026-04-21 13:49:28,4.21,-102.0,1.5,10.0,2.688,2.038
2026-04-21 14:04:29,4.21,-100.0,1.5,10.0,2.683,1.948
2026-04-21 14:19:36,4.21,-95.0,7.0,10.0,2.889,2.239
2026-04-21 14:34:28,4.21,-100.0,3.5,10.0,3.098,2.345
2026-04-21 14:49:31,4.19,-95.0,7.0,10.0,3.171,2.364
2026-04-21 15:04:36,4.19,-97.0,5.2,10.0,3.176,2.291
2026-04-21 15:19:27,4.19,-100.0,5.8,10.0,3.137,2.317
2026-04-21 15:34:33,4.17,-99.0,-1.0,10.0,2.979,2.197
2026-04-22 12:49:33,4.21,-102.0,0.8,10.0,1.067,0.343
2026-04-22 13:04:33,4.21,-94.0,7.5,10.0,1.048,0.367
2026-04-22 13:19:29,4.21,-100.0,3.8,10.0,1.108,0.385
2026-04-22 13:34:30,4.21,-102.0,,10.0,1.046,0.452
2026-04-22 13:49:28,4.21,-96.0,7.8,10.0,1.34,0.625
2026-04-22 14:04:33,4.21,-94.0,7.2,10.0,1.399,0.705
2026-04-22 14:19:32,4.19,-95.0,6.8,10.0,1.608,0.89
2026-04-22 14:34:27,4.19,-101.0,-1.8,10.0,1.668,0.901
2026-04-22 14:49:35,4.17,-94.0,8.0,10.0,1.736,1.048
2026-04-22 15:04:33,4.21,-94.0,3.2,10.0,1.766,1.048
2026-04-22 15:19:35,4.21,-100.0,3.8,10.0,1.861,1.09
2026-04-22 15:34:36,4.21,-103.0,,10.0,1.598,0.861
2026-04-22 15:49:31,4.21,-96.0,6.2,10.0,1.595,0.968
2026-04-22 16:04:29,4.21,-93.0,7.2,10.0,1.438,0.832
2026-04-22 16:19:26,4.21,-99.0,0.8,10.0,1.422,0.59
2026-04-22 16:34:32,4.21,-96.0,7.0,10.0,1.323,0.59
2026-04-22 17:04:27,4.19,-95.0,6.2,10.0,1.066,0.444
2026-04-22 17:19:28,4.21,-105.0,-4.5,10.0,1.075,0.417
2026-04-22 17:34:30,4.21,-101.0,3.5,10.0,1.222,0.591
2026-04-22 17:49:26,4.21,-101.0,3.2,10.0,1.317,0.595
2026-04-22 18:04:28,4.21,-97.0,7.0,10.0,1.344,0.645
2026-04-22 18:19:35,4.17,-98.0,5.8,10.0,1.385,0.654
2026-04-22 18:34:36,4.17,-95.0,7.2,10.0,1.355,0.677
2026-04-22 18:49:36,4.16,-98.0,3.5,10.0,1.321,0.641
2026-04-22 19:04:34,4.16,-93.0,8.2,10.0,1.392,0.665
2026-04-22 19:19:32,4.15,-100.0,3.5,10.0,1.252,0.522
2026-04-22 19:34:37,4.14,-103.0,-1.8,10.0,1.05,0.47
2026-04-22 19:49:27,4.13,-101.0,3.8,10.0,1.062,0.394
2026-04-22 20:04:28,4.13,-94.0,6.5,10.0,0.987,0.344
2026-04-22 20:19:30,4.12,-98.0,5.2,10.0,0.875,0.227
2026-04-22 20:34:26,4.12,-97.0,6.5,10.0,0.862,0.14
2026-04-22 20:49:27,4.11,-96.0,6.5,10.0,0.746,0.097
2026-04-22 21:04:27,4.11,-94.0,7.8,10.0,0.721,0.082
2026-04-22 21:19:32,4.1,-101.0,4.0,10.0,0.72,0.12
2026-04-22 21:34:35,4.1,-102.0,3.8,10.0,0.632,0.018
2026-04-22 21:49:27,4.1,-102.0,6.5,10.0,0.707,0.015
2026-04-22 22:04:29,4.09,-96.0,7.2,10.0,0.536,-0.015
2026-04-22 22:19:29,4.09,-94.0,8.0,10.0,0.4,-0.059
2026-04-22 22:34:27,4.09,-104.0,-4.0,10.0,0.442,-0.147
2026-04-22 22:49:30,4.09,-95.0,3.0,10.0,0.572,-0.073
2026-04-22 23:04:34,4.08,-93.0,7.8,10.0,0.546,-0.131
2026-04-22 23:19:29,4.08,-95.0,7.8,10.0,0.41,-0.203
2026-04-22 23:34:33,4.08,-103.0,-4.5,10.0,0.451,-0.152
2026-04-22 23:49:33,4.08,-94.0,8.0,10.0,0.364,-0.155
2026-04-23 00:04:33,4.08,-96.0,7.0,10.0,0.469,-0.202
2026-04-23 00:19:27,4.08,-103.0,2.0,10.0,0.508,-0.12
2026-04-23 00:34:30,4.07,-97.0,5.2,10.0,0.413,-0.127
2026-04-23 00:49:35,4.07,-100.0,4.0,10.0,0.388,-0.254
2026-04-23 01:04:34,4.07,-94.0,8.0,10.0,0.455,-0.164
2026-04-23 01:19:33,4.07,-96.0,7.0,10.0,0.398,-0.185
2026-04-23 01:34:28,4.07,-104.0,-2.5,10.0,0.348,-0.085
2026-04-23 01:49:33,4.07,-103.0,2.8,10.0,0.405,-0.131
2026-04-23 02:04:34,4.07,-95.0,7.2,10.0,0.453,-0.188
2026-04-23 02:19:33,4.06,-93.0,8.2,10.0,0.518,-0.129
2026-04-23 02:34:35,4.06,-97.0,7.0,10.0,0.411,-0.154
2026-04-23 02:49:36,4.06,-99.0,4.2,10.0,0.441,-0.091
2026-04-23 03:04:28,4.06,-93.0,8.2,10.0,0.36,-0.183
2026-04-23 03:34:27,4.06,-93.0,2.8,10.0,0.381,-0.11
2026-04-23 03:49:33,4.06,-103.0,-1.5,10.0,0.387,-0.152
2026-04-23 04:04:32,4.06,-96.0,6.0,10.0,0.471,-0.187
2026-04-23 04:19:29,4.05,-94.0,8.0,10.0,0.446,-0.257
2026-04-23 04:34:34,4.05,-96.0,7.0,10.0,0.324,-0.202
2026-04-23 04:49:32,4.05,-100.0,4.2,10.0,0.444,-0.216
2026-04-23 05:04:29,4.05,-109.0,2.2,10.0,0.368,-0.199
2026-04-23 05:19:33,4.05,-94.0,8.0,10.0,0.268,-0.212
2026-04-23 05:34:35,4.05,-104.0,-4.2,10.0,0.507,-0.238
2026-04-23 05:49:35,4.05,-93.0,6.5,10.0,0.477,-0.176
2026-04-23 06:04:28,4.04,-95.0,6.8,10.0,0.379,-0.168
2026-04-23 06:19:36,4.04,-96.0,5.5,10.0,0.186,-0.292
2026-04-23 06:34:30,4.05,-96.0,7.2,10.0,0.229,-0.293
2026-04-23 06:49:33,4.06,-103.0,2.2,10.0,0.199,-0.236
2026-04-23 07:04:30,4.08,-98.0,1.5,10.0,0.314,-0.154
2026-04-23 07:19:35,4.1,-93.0,7.0,10.0,0.436,-0.126
2026-04-23 07:34:32,4.1,-95.0,7.5,10.0,0.546,0.092
2026-04-23 07:49:32,4.11,-93.0,7.8,10.0,0.862,0.34
2026-04-23 08:04:27,4.12,-93.0,8.0,10.0,1.12,0.656
2026-04-23 08:19:33,4.13,-95.0,6.2,10.0,1.413,1.02
2026-04-23 08:34:27,4.14,-97.0,6.0,10.0,1.803,1.333
2026-04-23 08:49:35,4.15,-102.0,-4.5,10.0,2.191,1.733
2026-04-23 09:04:32,4.16,-103.0,1.8,10.0,2.7,2.101
2026-04-23 09:19:28,4.15,-92.0,7.0,10.0,3.225,2.559
2026-04-23 09:34:35,4.19,-95.0,7.0,10.0,3.651,2.85
2026-04-23 09:49:37,4.21,-103.0,,10.0,3.941,3.135
2026-04-23 10:04:28,4.21,-92.0,8.0,10.0,4.105,3.482
2026-04-23 10:19:29,4.21,-94.0,7.8,10.0,4.164,3.448
2026-04-23 10:34:35,4.21,-100.0,-3.0,10.0,4.724,3.974
2026-04-23 10:49:31,4.21,-93.0,7.5,10.0,4.847,4.049
2026-04-23 11:04:36,4.21,-98.0,5.0,10.0,5.025,4.155
2026-04-23 11:19:35,4.21,-117.0,5.2,10.0,5.187,4.295
2026-04-23 11:34:27,4.19,-91.0,6.5,10.0,5.317,4.481
2026-04-23 11:49:30,4.19,-94.0,8.8,10.0,5.51,4.658
2026-04-23 12:04:29,4.17,-92.0,7.5,10.0,5.727,4.935
2026-04-23 12:19:27,4.17,-97.0,4.8,10.0,5.881,4.99
2026-04-23 12:34:30,4.17,-105.0,-3.5,10.0,6.03,4.987
2026-04-23 12:49:29,4.17,-102.0,1.2,10.0,6.049,5.203
2026-04-23 13:04:34,4.17,-93.0,9.5,10.0,6.187,5.221
2026-04-23 13:19:34,4.16,-91.0,9.2,10.0,6.425,5.339
2026-04-23 13:34:37,4.16,-96.0,4.5,10.0,6.589,5.486
2026-04-23 13:49:30,4.19,-93.0,7.5,10.0,6.628,5.592
2026-04-23 14:04:28,4.21,-97.0,4.0,10.0,6.486,5.376
2026-04-23 14:19:34,4.21,-94.0,8.2,10.0,6.612,5.389
2026-04-23 14:34:27,4.21,-101.0,3.2,10.0,6.793,5.529
2026-04-23 14:49:27,4.21,-97.0,5.5,10.0,6.656,5.501
2026-04-23 15:04:28,4.21,-93.0,8.2,10.0,6.958,5.881
2026-04-23 15:19:32,4.21,-91.0,8.5,10.0,6.718,5.663
2026-04-23 15:34:33,4.21,-101.0,1.0,10.0,6.674,5.558
2026-04-23 16:04:34,4.19,-92.0,7.2,10.0,6.752,5.567
2026-04-23 16:19:36,4.19,-94.0,8.0,10.0,7.02,5.716
2026-04-23 16:34:30,4.17,-94.0,8.2,10.0,7.172,5.828
2026-04-23 16:49:34,4.17,-103.0,2.2,10.0,7.079,5.934
2026-04-23 17:04:34,,-95.0,5.0,10.0,,
2026-04-23 17:19:29,4.17,-91.0,8.2,10.0,6.573,5.233
2026-04-23 17:34:32,4.16,-94.0,8.8,10.0,6.612,5.346
2026-04-23 17:49:31,4.16,-87.0,-2.0,10.0,6.485,5.327
2026-04-23 18:04:33,4.16,-104.0,0.5,10.0,6.67,5.265
2026-04-23 18:19:36,4.15,-93.0,8.0,10.0,6.232,4.896
2026-04-23 18:34:31,4.14,-95.0,6.0,10.0,6.082,4.867
2026-04-23 18:49:36,4.14,-102.0,2.0,10.0,5.833,4.545
2026-04-23 19:04:29,4.13,-93.0,9.8,10.0,5.608,4.397
2026-04-23 19:19:33,4.13,-93.0,9.0,10.0,5.123,3.837
2026-04-23 19:34:36,4.12,-92.0,8.5,10.0,4.753,3.736
2026-04-23 19:49:35,4.12,-97.0,6.2,10.0,4.477,3.31
2026-04-23 20:04:30,4.11,-91.0,9.2,10.0,4.328,3.192
2026-04-23 20:34:34,4.11,-96.0,6.0,10.0,3.968,2.818
2026-04-23 20:49:35,4.11,-104.0,0.2,10.0,3.863,2.753
2026-04-23 21:04:30,4.1,-103.0,-0.2,10.0,3.605,2.589
2026-04-23 21:19:33,4.1,-98.0,5.2,10.0,3.563,2.482
2026-04-23 21:34:32,4.1,-92.0,8.0,10.0,3.414,2.409
2026-04-23 21:49:31,4.1,-94.0,8.2,10.0,3.505,2.306
2026-04-23 22:04:36,4.09,-92.0,8.2,10.0,3.279,2.277
2026-04-23 22:19:30,4.09,-102.0,3.0,10.0,3.312,2.229
2026-04-23 22:34:34,4.09,-94.0,9.0,10.0,3.194,2.29
2026-04-23 22:49:32,4.09,-103.0,0.8,10.0,3.292,2.242
2026-04-23 23:04:35,4.08,-99.0,5.0,10.0,3.302,2.194
2026-04-23 23:19:32,4.08,-96.0,4.5,10.0,3.258,2.232
2026-04-23 23:34:29,4.08,-92.0,11.2,10.0,3.104,2.257
2026-04-23 23:49:29,4.08,-91.0,8.5,10.0,3.137,2.227
2026-04-24 00:19:36,4.08,-96.0,7.5,10.0,3.114,2.221
2026-04-24 00:34:30,4.07,-94.0,7.0,10.0,3.259,2.156
2026-04-24 00:49:30,4.07,-97.0,5.2,10.0,3.18,2.23
2026-04-24 01:04:30,4.07,-92.0,8.0,10.0,3.073,2.135
2026-04-24 01:19:34,4.07,-97.0,4.8,10.0,3.159,2.154
2026-04-24 01:34:29,4.07,-93.0,7.5,10.0,3.164,2.109
2026-04-24 01:49:30,4.07,-94.0,9.8,10.0,3.075,2.183
2026-04-24 02:04:36,4.07,-96.0,7.5,10.0,3.065,2.159
2026-04-24 02:19:33,4.07,-98.0,5.2,10.0,3.077,2.144
2026-04-24 02:34:33,4.06,-92.0,8.0,10.0,3.137,2.032
2026-04-24 02:49:32,4.06,-107.0,-7.2,10.0,3.06,2.133
2026-04-24 03:04:31,4.06,-99.0,4.2,10.0,3.053,2.132
2026-04-24 03:19:31,4.06,-98.0,3.8,10.0,2.996,2.052
2026-04-24 03:34:33,4.06,-96.0,3.5,10.0,3.093,2.022
2026-04-24 04:04:36,4.05,-104.0,0.5,10.0,3.232,2.197
2026-04-24 04:19:31,,-100.0,4.0,10.0,,
2026-04-24 04:34:32,,-91.0,7.2,10.0,,
2026-04-24 04:49:35,4.05,-94.0,7.5,10.0,2.902,1.964
2026-04-24 05:04:29,4.05,-103.0,0.2,10.0,2.821,1.891
2026-04-24 05:19:27,4.04,-96.0,5.5,10.0,2.748,1.823
2026-04-24 05:34:34,4.04,-92.0,6.2,10.0,2.823,1.861
2026-04-24 05:49:32,4.04,-96.0,6.8,10.0,2.673,1.814
2026-04-24 06:04:32,4.04,-98.0,4.5,10.0,2.752,1.798
2026-04-24 06:19:34,4.03,-105.0,-4.8,10.0,2.667,1.765
2026-04-24 06:34:34,4.03,-93.0,8.2,10.0,2.727,1.759
2026-04-24 06:49:33,4.03,-101.0,-0.5,10.0,2.809,1.988
2026-04-24 07:04:28,4.03,-92.0,8.5,10.0,3.174,2.318
2026-04-24 07:34:34,4.07,-92.0,4.2,10.0,3.948,2.978
2026-04-24 07:49:30,4.08,-92.0,8.5,10.0,4.299,3.252
2026-04-24 08:04:35,4.09,-94.0,7.5,10.0,4.724,3.651
2026-04-24 08:19:34,4.1,-101.0,-0.2,10.0,4.972,4.009
2026-04-24 08:34:27,4.1,-95.0,7.8,10.0,5.536,4.473
2026-04-24 08:49:35,4.11,-107.0,-6.5,10.0,5.419,4.319
2026-04-24 09:04:36,4.12,-92.0,7.5,10.0,5.346,4.183
2026-04-24 09:19:36,4.13,-95.0,5.5,10.0,5.817,4.609
2026-04-24 09:34:30,4.14,-94.0,7.5,10.0,6.175,5.096
2026-04-24 10:04:34,4.16,-95.0,4.5,10.0,6.6,5.49
2026-04-24 10:19:31,4.12,-104.0,-4.0,10.0,6.406,5.269
2026-04-24 10:34:32,4.17,-100.0,5.2,10.0,6.823,5.756
2026-04-24 10:49:29,4.19,-95.0,7.8,10.0,7.198,6.091
2026-04-24 11:04:35,4.21,-98.0,9.2,10.0,7.373,6.211
2026-04-24 11:19:31,4.21,-93.0,6.8,10.0,7.278,6.057
2026-04-24 11:34:35,4.21,-97.0,6.0,10.0,7.485,6.208
2026-04-24 11:49:36,4.21,-92.0,7.2,10.0,7.686,6.519
2026-04-24 12:04:33,4.21,-103.0,3.0,10.0,7.317,6.253
2026-04-24 12:19:29,4.21,-96.0,5.8,10.0,7.425,6.137
2026-04-24 12:34:36,4.19,-95.0,7.8,10.0,7.558,6.319
2026-04-24 12:49:27,4.19,-92.0,4.0,10.0,7.634,6.399
2026-04-24 13:04:30,4.17,-94.0,7.2,10.0,7.335,6.036
2026-04-24 13:19:29,4.17,-102.0,2.2,10.0,6.871,5.693
2026-04-24 13:34:29,4.17,-95.0,8.0,10.0,6.495,5.146
2026-04-24 13:49:31,4.17,-93.0,8.5,10.0,6.567,5.254
2026-04-24 14:04:34,4.21,-101.0,2.8,10.0,6.55,5.37
2026-04-24 14:19:29,4.21,-95.0,5.2,10.0,6.555,5.324
2026-04-24 14:34:31,4.21,-97.0,6.5,10.0,6.449,5.262
2026-04-24 14:49:30,4.21,-101.0,3.0,10.0,6.559,5.349
2026-04-24 15:04:28,4.21,-104.0,0.8,10.0,6.334,5.189
2026-04-24 15:19:35,4.21,-99.0,2.5,10.0,6.514,5.275
2026-04-24 15:34:36,4.21,-95.0,8.0,10.0,6.668,5.504
2026-04-24 15:49:28,4.21,-97.0,6.5,10.0,6.807,5.554
2026-04-24 16:04:29,4.19,-101.0,3.8,10.0,6.765,5.59
2026-04-24 16:19:32,4.19,-94.0,8.0,10.0,6.77,5.558
2026-04-24 16:34:34,4.19,-109.0,4.0,10.0,6.166,4.955
2026-04-24 16:49:34,4.17,-98.0,3.2,10.0,6.082,4.829
2026-04-24 17:04:26,4.17,-96.0,6.8,10.0,5.973,4.683
2026-04-24 17:19:28,,-94.0,7.5,10.0,,
2026-04-24 17:34:30,4.21,-103.0,-2.0,10.0,6.359,4.961
2026-04-24 17:49:31,4.21,-93.0,8.2,10.0,6.319,4.928
2026-04-24 18:04:36,4.17,-91.0,6.0,10.0,5.66,4.333
2026-04-24 18:19:30,4.17,-99.0,6.8,10.0,5.369,4.124
2026-04-24 18:34:32,4.16,-97.0,6.5,10.0,5.102,3.737
2026-04-24 18:49:27,4.15,-93.0,7.8,10.0,4.785,3.491
2026-04-24 19:04:28,4.15,-101.0,0.5,10.0,4.668,3.464
2026-04-24 19:19:32,4.14,-105.0,0.5,10.0,4.834,3.551
2026-04-24 19:34:34,4.13,-95.0,7.5,10.0,4.435,3.253
2026-04-24 19:49:35,4.13,-92.0,8.8,10.0,4.045,2.905
2026-04-24 20:04:34,4.12,-103.0,-0.8,10.0,3.709,2.528
2026-04-24 20:19:31,4.12,-99.0,5.0,10.0,3.374,2.273
2026-04-24 20:34:31,4.12,-103.0,2.2,10.0,2.951,1.958
2026-04-24 20:49:29,4.11,-94.0,8.2,10.0,2.705,1.775
2026-04-24 21:04:35,4.11,-97.0,7.0,10.0,2.756,1.716
2026-04-24 21:19:32,4.1,-94.0,8.0,10.0,2.738,1.73
2026-04-24 21:34:33,4.1,-98.0,6.0,10.0,2.679,1.82
2026-04-24 21:49:29,4.1,-93.0,8.2,10.0,2.607,1.631
2026-04-24 22:04:33,4.1,-99.0,5.5,10.0,2.341,1.43
2026-04-24 22:19:35,4.09,-96.0,6.8,10.0,2.244,1.294
2026-04-24 22:34:29,4.09,-100.0,3.8,10.0,1.924,1.202
2026-04-24 22:49:32,4.09,-97.0,3.5,10.0,1.682,0.902
2026-04-24 23:04:36,4.09,-90.0,3.5,10.0,1.643,0.809
2026-04-24 23:19:35,4.08,-94.0,8.5,10.0,1.471,0.751
2026-04-24 23:34:29,4.08,-99.0,2.2,10.0,1.546,0.832
2026-04-24 23:49:28,4.08,-94.0,8.8,10.0,1.44,0.562
2026-04-25 00:04:29,4.08,-100.0,3.2,10.0,1.212,0.478
2026-04-25 00:34:33,4.07,-112.0,-1.5,10.0,1.135,0.42
2026-04-25 00:49:35,4.07,-97.0,4.2,10.0,1.099,0.379
2026-04-25 01:04:32,4.07,-103.0,3.0,10.0,1.118,0.449
2026-04-25 01:19:27,4.07,-105.0,-2.2,10.0,1.114,0.413
2026-04-25 01:34:30,4.07,-94.0,7.5,10.0,1.004,0.452
2026-04-25 01:49:30,4.07,-93.0,8.5,10.0,1.101,0.408
2026-04-25 02:04:27,4.06,-98.0,3.5,10.0,1.026,0.315
2026-04-25 02:19:30,4.06,-99.0,4.8,10.0,1.081,0.33
2026-04-25 02:34:35,4.06,-95.0,6.5,10.0,1.054,0.371
2026-04-25 02:49:34,4.06,-97.0,7.2,10.0,1.066,0.384
2026-04-25 03:04:27,4.06,-97.0,7.2,10.0,1.004,0.344
2026-04-25 03:19:34,4.06,-101.0,3.8,10.0,0.783,0.293
2026-04-25 03:34:31,4.06,-103.0,1.2,10.0,0.887,0.253
2026-04-25 03:49:32,4.05,-93.0,6.2,10.0,0.825,0.301
2026-04-25 04:04:28,4.05,-105.0,-1.5,10.0,0.961,0.311
2026-04-25 04:34:32,4.05,-93.0,5.8,10.0,0.828,0.214
2026-04-25 04:49:27,4.05,-97.0,4.5,10.0,0.677,0.095
2026-04-25 05:04:31,4.05,-99.0,5.2,10.0,0.67,0.123
2026-04-25 05:19:29,4.05,-98.0,4.8,10.0,0.531,-0.006
2026-04-25 05:49:35,4.04,-97.0,2.0,10.0,0.384,-0.16
2026-04-25 06:04:26,4.04,-93.0,7.2,10.0,0.411,-0.08
2026-04-25 06:19:30,4.03,-104.0,6.5,10.0,0.404,-0.145
2026-04-25 06:34:27,4.03,-104.0,,10.0,0.405,-0.197
2026-04-25 06:49:33,4.03,-100.0,3.5,10.0,0.522,-0.104
2026-04-25 07:04:35,4.03,-96.0,6.5,10.0,0.319,-0.103
2026-04-25 07:34:30,4.02,-96.0,6.5,10.0,0.327,-0.152
2026-04-25 07:49:32,,-105.0,-3.0,10.0,,
2026-04-25 08:04:27,,-94.0,8.8,10.0,,
2026-04-25 08:19:34,4.01,-99.0,-1.2,10.0,0.415,-0.197
2026-04-25 08:34:32,4.01,-97.0,6.8,10.0,0.526,-0.018
2026-04-25 08:49:27,4.01,-99.0,5.2,10.0,0.698,0.102
2026-04-25 09:04:28,4.05,-96.0,8.0,10.0,0.981,0.278
2026-04-25 09:19:36,4.07,-97.0,7.2,10.0,0.88,0.366
2026-04-25 09:34:27,4.08,-98.0,4.8,10.0,1.276,0.61
2026-04-25 09:49:32,4.05,-104.0,-1.2,10.0,1.632,1.027
2026-04-25 10:04:34,4.04,-94.0,7.8,10.0,2.19,1.525
2026-04-25 10:19:30,4.04,-101.0,2.8,10.0,2.422,1.777
2026-04-25 10:34:27,4.03,-97.0,6.2,10.0,2.782,2.193
2026-04-25 10:49:29,4.03,-98.0,5.0,10.0,3.154,2.407
2026-04-25 11:04:29,4.03,-97.0,5.5,10.0,3.473,2.686
2026-04-25 11:19:28,4.02,-102.0,,10.0,3.498,2.779
2026-04-25 11:34:30,4.02,-96.0,-0.5,10.0,3.459,2.701
2026-04-25 11:49:34,4.01,-102.0,0.2,10.0,3.067,2.281
2026-04-25 12:04:28,4.01,-97.0,6.0,10.0,2.787,2.008
2026-04-25 12:19:31,4.01,-98.0,1.8,10.0,2.38,1.671
2026-04-25 12:34:28,4.0,-97.0,4.5,10.0,2.111,1.382
2026-04-25 13:04:27,4.0,-100.0,4.8,10.0,1.86,1.092
2026-04-25 13:19:28,3.99,-100.0,3.0,10.0,1.764,1.078
2026-04-25 13:34:35,3.99,-100.0,1.8,10.0,1.692,0.979
2026-04-25 13:49:32,3.99,-105.0,-3.8,10.0,1.549,0.921
2026-04-25 14:19:34,3.98,-104.0,-1.0,10.0,1.677,1.047
2026-04-25 14:34:34,,-99.0,4.2,10.0,,
2026-04-25 14:49:32,,-103.0,-0.8,10.0,,
2026-04-25 15:04:33,3.97,-99.0,4.8,10.0,1.977,1.232
2026-04-25 15:19:35,3.96,-96.0,1.8,10.0,1.917,1.31
2026-04-25 15:34:28,3.96,-101.0,2.0,10.0,2.215,1.41
2026-04-25 15:49:36,3.96,-98.0,5.0,10.0,2.25,1.448
2026-04-25 16:04:32,3.95,-95.0,7.5,10.0,2.278,1.529
2026-04-25 16:19:32,3.95,-99.0,4.2,10.0,2.266,1.548
2026-04-25 16:34:27,3.95,-98.0,5.5,10.0,2.212,1.41
2026-04-25 17:04:35,3.94,-99.0,4.0,10.0,1.933,1.244
2026-04-25 17:19:30,,-102.0,1.2,10.0,,
2026-04-25 17:34:27,3.93,-98.0,7.0,10.0,1.918,1.202
2026-04-25 17:49:30,3.93,-104.0,-1.5,10.0,1.806,0.941
2026-04-25 18:04:32,3.93,-97.0,4.5,10.0,1.532,0.78
2026-04-25 18:19:32,3.93,-103.0,-0.5,10.0,1.574,0.731
2026-04-25 18:34:29,3.92,-102.0,-0.8,10.0,1.281,0.554
2026-04-25 18:49:32,3.92,-96.0,4.5,10.0,1.155,0.425
2026-04-25 19:04:28,3.92,-104.0,5.0,10.0,1.073,0.36
2026-04-25 19:19:26,3.92,-106.0,2.0,10.0,0.859,0.302
2026-04-25 19:34:30,3.91,-103.0,3.5,10.0,0.773,0.128
2026-04-25 19:49:31,3.91,-104.0,3.0,10.0,0.696,0.088
2026-04-25 20:04:31,3.91,-100.0,5.5,10.0,0.693,-0.056
2026-04-25 20:19:29,3.9,-101.0,3.2,10.0,0.651,0.023
2026-04-25 20:34:29,3.9,-102.0,0.8,10.0,0.539,-0.105
2026-04-25 20:49:27,3.9,-95.0,8.0,10.0,0.564,-0.03
2026-04-25 21:04:29,3.9,-97.0,6.2,10.0,0.591,-0.096
2026-04-25 21:19:32,3.89,-103.0,-2.0,10.0,0.438,-0.033
2026-04-25 21:34:30,3.89,-100.0,2.8,10.0,0.401,-0.089
2026-04-25 21:49:35,3.89,-100.0,3.8,10.0,0.593,-0.029
2026-04-25 22:04:36,3.89,-93.0,7.8,10.0,0.621,0.002
2026-04-25 22:19:32,3.88,-101.0,2.0,10.0,0.65,0.053
2026-04-25 22:34:29,3.88,-102.0,1.0,10.0,0.568,0.018
2026-04-25 22:49:30,3.88,-102.0,-2.2,10.0,0.675,0.035
2026-04-25 23:04:33,3.88,-94.0,5.8,10.0,0.669,0.005
2026-04-25 23:19:36,3.87,-98.0,5.2,10.0,0.703,-0.025
2026-04-25 23:34:36,3.87,-99.0,5.0,10.0,0.701,0.024
2026-04-26 00:04:34,3.87,-94.0,8.8,10.0,0.501,-0.115
2026-04-26 00:19:31,3.86,-104.0,-1.2,10.0,0.472,-0.092
2026-04-26 00:49:34,3.86,-94.0,7.8,10.0,0.342,-0.195
2026-04-26 01:04:35,,-96.0,5.5,10.0,,
2026-04-26 01:19:33,,-98.0,2.8,10.0,,
2026-04-26 01:34:30,3.85,-101.0,2.8,10.0,0.45,-0.137
2026-04-26 01:49:27,3.84,-101.0,2.8,10.0,0.316,-0.277
2026-04-26 02:04:35,3.84,-94.0,8.5,10.0,0.388,-0.34
2026-04-26 02:19:34,3.84,-95.0,7.2,10.0,0.163,-0.399
2026-04-26 02:34:29,3.83,-103.0,-1.8,10.0,0.155,-0.38
2026-04-26 02:49:30,3.83,-99.0,2.5,10.0,0.118,-0.453
2026-04-26 03:04:27,3.83,-97.0,6.0,10.0,0.107,-0.387
2026-04-26 03:34:30,3.82,-98.0,4.0,10.0,0.217,-0.441
2026-04-26 03:49:34,3.82,-100.0,3.2,10.0,0.105,-0.43
2026-04-26 04:04:33,3.81,-94.0,6.5,10.0,0.118,-0.45
2026-04-26 04:19:31,3.81,-99.0,4.0,10.0,0.105,-0.413
2026-04-26 04:34:27,3.81,-93.0,7.2,10.0,0.21,-0.432
2026-04-26 04:49:32,3.8,-102.0,2.0,10.0,0.077,-0.355
2026-04-26 05:04:30,3.8,-97.0,6.5,10.0,0.097,-0.359
2026-04-26 05:19:35,3.8,-98.0,6.2,10.0,0.249,-0.427
2026-04-26 05:34:31,3.79,-101.0,3.0,10.0,0.19,-0.281
2026-04-26 05:49:33,3.79,-104.0,-0.8,10.0,0.275,-0.358
2026-04-26 06:04:35,3.79,-95.0,9.5,10.0,0.294,-0.331
2026-04-26 06:19:30,3.79,-99.0,5.5,10.0,0.425,-0.152
2026-04-26 06:34:37,3.78,-97.0,3.0,10.0,0.343,-0.159
2026-04-26 06:49:31,3.78,-94.0,-4.0,10.0,0.522,-0.126
2026-04-26 07:04:36,3.78,-94.0,8.5,10.0,0.556,0.041
2026-04-26 07:19:30,3.77,-103.0,-6.2,10.0,0.581,-0.015
2026-04-26 07:34:26,3.77,-100.0,3.5,10.0,0.606,0.027
2026-04-26 07:49:34,3.77,-102.0,0.5,10.0,0.705,0.161
2026-04-26 08:04:33,3.77,-95.0,6.5,10.0,0.836,0.218
2026-04-26 08:19:31,3.76,-97.0,3.5,10.0,0.874,0.276
2026-04-26 08:34:27,3.76,-101.0,1.2,10.0,0.973,0.426
2026-04-26 08:49:30,3.76,-102.0,0.8,10.0,1.079,0.466
2026-04-26 09:04:29,3.75,-94.0,8.0,10.0,1.279,0.599
2026-04-26 09:19:29,3.75,-101.0,4.8,10.0,1.439,0.783
2026-04-26 09:34:32,3.75,-102.0,2.2,10.0,1.589,0.881
2026-04-26 09:49:30,3.75,-97.0,5.2,10.0,1.81,1.15
2026-04-26 10:04:31,3.74,-95.0,7.2,10.0,1.947,1.349
2026-04-26 10:19:28,3.74,-101.0,2.5,10.0,2.249,1.433
2026-04-26 10:34:27,3.74,-98.0,5.2,10.0,2.373,1.571
2026-04-26 10:49:26,3.74,-105.0,-2.8,10.0,2.497,1.846
2026-04-26 11:04:30,3.73,-98.0,0.2,10.0,2.689,1.907
2026-04-26 11:19:32,3.73,-101.0,-4.5,10.0,2.893,2.152
2026-04-26 11:34:35,3.73,-105.0,-1.5,10.0,3.232,2.593
2026-04-26 11:49:29,3.73,-93.0,7.2,10.0,3.57,2.866
2026-04-26 12:04:28,3.72,-96.0,6.5,10.0,4.115,3.426
2026-04-26 12:19:31,3.72,-98.0,6.8,10.0,4.47,3.573
2026-04-26 12:34:34,3.72,-97.0,6.5,10.0,4.786,3.928
2026-04-26 12:49:35,3.71,-97.0,-2.2,10.0,4.542,3.886
2026-04-26 13:04:34,3.71,-94.0,7.5,10.0,4.861,4.144
2026-04-26 13:19:27,3.71,-101.0,1.5,10.0,4.542,3.766
2026-04-26 13:34:35,3.71,-97.0,0.5,10.0,4.857,3.933
2026-04-26 14:04:29,3.7,-94.0,6.8,10.0,4.66,3.838
2026-04-26 14:19:28,3.7,-101.0,5.2,10.0,4.513,3.627
2026-04-26 14:34:37,3.69,-100.0,2.8,10.0,4.358,3.362
2026-04-26 14:49:31,3.69,-98.0,5.8,10.0,4.234,3.295
2026-04-26 15:04:37,3.69,-99.0,3.2,10.0,4.268,3.357
2026-04-26 15:19:34,3.69,-107.0,-0.5,10.0,4.515,3.497
2026-04-26 15:34:28,3.68,-99.0,5.2,10.0,4.656,3.582
2026-04-26 15:49:30,3.68,-98.0,-8.8,10.0,4.615,3.68
2026-04-26 16:04:29,3.68,-95.0,9.5,10.0,4.864,3.759
2026-04-26 16:19:33,3.67,-103.0,5.0,10.0,4.937,3.804
2026-04-26 16:34:33,3.67,-105.0,-1.2,10.0,4.864,3.838
2026-04-26 16:49:30,3.67,-105.0,3.8,10.0,5.046,3.919
2026-04-26 17:04:35,3.67,-101.0,5.5,10.0,5.071,3.915
2026-04-26 17:19:32,,-104.0,-0.5,10.0,,
2026-04-26 17:34:35,3.66,-105.0,-1.0,10.0,5.285,4.147
2026-04-26 17:49:33,3.66,-101.0,2.8,10.0,5.336,4.121
2026-04-26 18:04:26,3.66,-95.0,7.8,10.0,5.169,3.911
2026-04-26 18:19:34,3.66,-102.0,2.0,10.0,5.044,3.865
